"Time (s)","X (rad/s)","Y (rad/s)","Z (rad/s)"
5.007041669E-3,1.230243035E-2,1.821448684E0,6.564638615E-1
1.503104167E-2,1.071119215E-2,1.828558207E0,6.593374014E-1
2.505404167E-2,8.566315286E-3,1.834911704E0,6.635541320E-1
3.507804167E-2,8.721577935E-3,1.840613008E0,6.656883955E-1
4.510204167E-2,7.150175050E-3,1.845759630E0,6.670883894E-1
5.512604167E-2,9.064455517E-3,1.849753499E0,6.703947186E-1
6.515004167E-2,1.102657616E-2,1.856477022E0,6.705001593E-1
7.517304167E-2,1.284578163E-2,1.858436584E0,6.690173149E-1
8.519704167E-2,1.329605840E-2,1.862055540E0,6.699911952E-1
9.522104167E-2,1.598984748E-2,1.863610268E0,6.710636616E-1
1.052450417E-1,1.483847480E-2,1.868208289E0,6.702960134E-1
1.152690417E-1,1.680442132E-2,1.871391535E0,6.729482412E-1
1.252920417E-1,1.690448821E-2,1.871615291E0,6.727598906E-1
1.353160417E-1,1.788692921E-2,1.870685101E0,6.769059300E-1
1.453400417E-1,1.721010357E-2,1.869090796E0,6.762780547E-1
1.553640417E-1,1.670143940E-2,1.869035363E0,6.762596965E-1
1.653880417E-1,2.037134208E-2,1.865734458E0,6.770510077E-1
1.754110417E-1,1.936679706E-2,1.864068627E0,6.778885722E-1
1.854350417E-1,1.467430778E-2,1.862622857E0,6.775205135E-1
1.954590417E-1,1.458163001E-2,1.860803962E0,6.767747998E-1
2.054830417E-1,1.290269103E-2,1.858750463E0,6.767995358E-1
2.155070417E-1,1.128428802E-2,1.857886791E0,6.774078012E-1
2.255300417E-1,9.008133784E-3,1.856279016E0,6.741580367E-1
2.355540417E-1,6.070134696E-3,1.856354713E0,6.737747788E-1
2.455780417E-1,2.773606684E-3,1.857599139E0,6.729227901E-1
2.556020417E-1,4.472170491E-3,1.855253220E0,6.699698567E-1
2.656250417E-1,8.962836117E-3,1.854570150E0,6.670448780E-1
2.756490417E-1,1.126034558E-2,1.852897048E0,6.659985185E-1
2.856730417E-1,1.165809575E-2,1.852648139E0,6.662737727E-1
2.956970417E-1,1.326930802E-2,1.851527452E0,6.672799587E-1
3.057210417E-1,1.659725979E-2,1.852151990E0,6.719746590E-1
3.157440417E-1,1.973206736E-2,1.855094194E0,6.756415367E-1
3.257680417E-1,1.767252944E-2,1.858373284E0,6.804116368E-1
3.357920417E-1,1.468020026E-2,1.861719251E0,6.852016449E-1
3.458160417E-1,1.485706773E-2,1.865181804E0,6.876712441E-1
3.558400417E-1,1.154169906E-2,1.872269273E0,6.914827228E-1
3.658630417E-1,8.310169913E-3,1.878849030E0,6.889545321E-1
3.758870417E-1,9.336551651E-3,1.883624315E0,6.889007688E-1
3.859110417E-1,9.469255805E-3,1.889648795E0,6.884410977E-1
3.959350417E-1,1.010761596E-2,1.896023035E0,6.871259809E-1
4.059590417E-1,1.357246377E-2,1.903972983E0,6.874760389E-1
4.159820417E-1,1.540525071E-2,1.911637068E0,6.860427260E-1
4.260060417E-1,1.598619856E-2,1.919374585E0,6.890818477E-1
4.360300417E-1,1.454516221E-2,1.925609946E0,6.897138357E-1
4.460540417E-1,1.313150581E-2,1.933835626E0,6.945580840E-1
4.560780417E-1,1.301619131E-2,1.943095684E0,6.986210346E-1
4.661010417E-1,1.387976762E-2,1.951277852E0,7.057049870E-1
4.761250417E-1,4.477478098E-3,1.959155440E0,7.094294429E-1
4.861490417E-1,1.948044403E-3,1.968443394E0,7.135647535E-1
4.961730417E-1,6.520958617E-3,1.972824574E0,7.148447037E-1
5.061970417E-1,1.119705196E-2,1.975014091E0,7.133403420E-1
5.162200417E-1,1.609726995E-2,1.976433396E0,7.100347877E-1
5.262440417E-1,1.894260570E-2,1.973973036E0,7.034000754E-1
5.362680417E-1,2.120522782E-2,1.971638560E0,7.001374364E-1
5.462920417E-1,2.595292963E-2,1.968581676E0,6.988469362E-1
5.563160417E-1,2.606025524E-2,1.965596795E0,6.987159252E-1
5.663390417E-1,1.937889867E-2,1.963031173E0,7.007309198E-1
5.763630417E-1,1.084479876E-2,1.961998701E0,7.041991353E-1
5.863870417E-1,7.279693615E-3,1.962434411E0,7.065126300E-1
5.964110417E-1,3.685491392E-3,1.959927320E0,7.134591937E-1
6.064350417E-1,2.967967652E-3,1.959063053E0,7.176132202E-1
6.164580417E-1,-4.280954308E-4,1.957545400E0,7.168491483E-1
6.264820417E-1,2.210899256E-3,1.954415917E0,7.185240388E-1
6.365060417E-1,6.132403854E-3,1.951460958E0,7.174561024E-1
6.465300417E-1,1.284406707E-2,1.951937914E0,7.183389664E-1
6.565530417E-1,1.442465372E-2,1.950820208E0,7.167527676E-1
6.665770417E-1,1.172538940E-2,1.952392459E0,7.177150846E-1
6.766010417E-1,1.297068410E-2,1.953732491E0,7.153261900E-1
6.866250417E-1,1.506073307E-2,1.955635071E0,7.091282606E-1
6.966490417E-1,1.647034287E-2,1.957384825E0,7.067814469E-1
7.066720417E-1,1.315444242E-2,1.956219435E0,7.020205259E-1
7.166960417E-1,9.235068224E-3,1.959023952E0,7.012681961E-1
7.267200417E-1,3.972465172E-3,1.963458538E0,6.989568472E-1
7.367440417E-1,2.837958746E-3,1.967969418E0,7.062030435E-1
7.467680417E-1,-3.053854918E-3,1.973973155E0,7.079761624E-1
7.567910417E-1,-6.215826143E-3,1.978552699E0,7.112143040E-1
7.668150417E-1,-2.876456128E-3,1.982346296E0,7.189558148E-1
7.768390417E-1,5.191057920E-3,1.986210823E0,7.229705453E-1
7.868630417E-1,1.379102282E-2,1.986387372E0,7.260450125E-1
7.968870417E-1,1.998766512E-2,1.989335179E0,7.223027349E-1
8.069100417E-1,2.611270547E-2,1.990117311E0,7.285496593E-1
8.169335417E-1,3.033088520E-2,1.991367459E0,7.294242382E-1
8.269575417E-1,2.978952788E-2,1.995257735E0,7.323828936E-1
8.369815417E-1,2.471780404E-2,2.002411604E0,7.324212790E-1
8.470055417E-1,2.023392171E-2,2.006634951E0,7.293165922E-1
8.570285417E-1,1.928876713E-2,2.009410858E0,7.299000621E-1
8.670525417E-1,1.220767293E-2,2.012156487E0,7.307783961E-1
8.770765417E-1,1.059379708E-2,2.015010118E0,7.288121581E-1
8.871005417E-1,1.007562876E-2,2.015273333E0,7.254399061E-1
8.971245417E-1,1.062024478E-2,2.015335560E0,7.248990536E-1
9.071475417E-1,1.008484978E-2,2.017044067E0,7.274121642E-1
9.171715417E-1,8.679766208E-3,2.017726183E0,7.287285924E-1
9.271955417E-1,9.050262161E-3,2.018582344E0,7.256990075E-1
9.372195417E-1,1.097572781E-2,2.019933939E0,7.257785797E-1
9.472435417E-1,1.021151710E-2,2.020311117E0,7.285336852E-1
9.572665417E-1,6.784029305E-3,2.023596764E0,7.288857698E-1
9.672905417E-1,1.035890076E-2,2.026011467E0,7.335662246E-1
9.773145417E-1,9.752765298E-3,2.026118517E0,7.351961136E-1
9.873385417E-1,1.176736783E-2,2.029085159E0,7.370801568E-1
9.973625417E-1,1.320334431E-2,2.028791904E0,7.396298647E-1
1.007385542E0,1.174078602E-2,2.031358242E0,7.425383329E-1
1.017409542E0,1.419408992E-2,2.034408092E0,7.442259789E-1
1.027433542E0,1.329511311E-2,2.040023327E0,7.458903790E-1
1.037457542E0,1.493056025E-2,2.045373678E0,7.456057072E-1
1.047480542E0,1.573020779E-2,2.048813105E0,7.453238368E-1
1.057504542E0,1.223853789E-2,2.053264618E0,7.449717522E-1
1.067528542E0,1.323849801E-2,2.056428432E0,7.426022291E-1
1.077552542E0,1.325527579E-2,2.060031176E0,7.391132116E-1
1.087576542E0,1.293742843E-2,2.060937405E0,7.398195863E-1
1.097599542E0,1.442107465E-2,2.065582037E0,7.411857843E-1
1.107623542E0,1.716153324E-2,2.065215349E0,7.419323921E-1
1.117647542E0,1.771067828E-2,2.067430258E0,7.441361547E-1
1.127671542E0,1.817153767E-2,2.067816734E0,7.472394109E-1
1.137695542E0,1.561170816E-2,2.072385311E0,7.512525320E-1
1.147718542E0,1.594848000E-2,2.074570417E0,7.563371658E-1
1.157742542E0,1.193429809E-2,2.077773333E0,7.588211298E-1
1.167766542E0,1.151869819E-2,2.085871935E0,7.581623197E-1
1.177790542E0,7.988678291E-3,2.087786674E0,7.581681609E-1
1.187814542E0,4.908098374E-3,2.091776371E0,7.562413216E-1
1.197837542E0,6.080687977E-3,2.093199492E0,7.518633604E-1
1.207861542E0,9.317861870E-3,2.093758106E0,7.480657101E-1
1.217885542E0,1.131177042E-2,2.089698076E0,7.456712723E-1
1.227909542E0,1.824592985E-2,2.083069563E0,7.448198795E-1
1.237933542E0,2.176476456E-2,2.077012539E0,7.450159192E-1
1.247956542E0,2.219252847E-2,2.067424774E0,7.443084717E-1
1.257980542E0,2.180397324E-2,2.061641455E0,7.461119890E-1
1.268004542E0,2.206150070E-2,2.058442831E0,7.517005801E-1
1.278028542E0,1.993603259E-2,2.058254719E0,7.518356442E-1
1.288052542E0,1.397629920E-2,2.057317257E0,7.545098066E-1
1.298075542E0,8.858502842E-3,2.059773207E0,7.542317510E-1
1.308099542E0,6.065223832E-3,2.061367512E0,7.529852986E-1
1.318123542E0,7.864189334E-3,2.060490847E0,7.499935031E-1
1.328147542E0,8.002957329E-3,2.059071302E0,7.455947399E-1
1.338170542E0,8.343575522E-3,2.056634665E0,7.420172691E-1
1.348194542E0,1.092188153E-2,2.056548595E0,7.402470112E-1
1.358218542E0,1.374563109E-2,2.053025246E0,7.369177938E-1
1.368242542E0,1.646711491E-2,2.050388575E0,7.356115580E-1
1.378266542E0,1.701546088E-2,2.050518274E0,7.341073751E-1
1.388289542E0,1.481732633E-2,2.047338486E0,7.371487617E-1
1.398313542E0,1.289079525E-2,2.046739578E0,7.407360673E-1
1.408337542E0,1.149625797E-2,2.046852350E0,7.421412468E-1
1.418361542E0,1.224593818E-2,2.045903921E0,7.436786890E-1
1.428385542E0,1.322490349E-2,2.045307398E0,7.433220744E-1
1.438408542E0,1.016093604E-2,2.040401459E0,7.428568602E-1
1.448432542E0,1.044165157E-2,2.038949013E0,7.412234545E-1
1.458456542E0,1.187523082E-2,2.034550667E0,7.420671582E-1
1.468480542E0,1.630404592E-2,2.034045935E0,7.399893999E-1
1.478504542E0,1.967187971E-2,2.032229662E0,7.386602163E-1
1.488527542E0,1.664949208E-2,2.032081366E0,7.411345840E-1
1.498551542E0,1.498182118E-2,2.036530733E0,7.390437722E-1
1.508575542E0,1.490863599E-2,2.034849644E0,7.384559512E-1
1.518599542E0,1.704023033E-2,2.038150311E0,7.373965383E-1
1.528623542E0,1.784293540E-2,2.038600206E0,7.365497351E-1
1.538646542E0,1.680137403E-2,2.036447525E0,7.349275947E-1
1.548670542E0,1.398366876E-2,2.038617611E0,7.339341044E-1
1.558694542E0,1.278684381E-2,2.038150787E0,7.343850136E-1
1.568718542E0,1.310415752E-2,2.039224863E0,7.365575433E-1
1.578742542E0,1.352254022E-2,2.038397074E0,7.380206585E-1
1.588765542E0,1.084175333E-2,2.039581537E0,7.388411164E-1
1.598789542E0,9.577018209E-3,2.039722681E0,7.395556569E-1
1.608813542E0,8.629415184E-3,2.038438797E0,7.399833202E-1
1.618837542E0,1.103131939E-2,2.036798954E0,7.395215034E-1
1.628861542E0,1.133881509E-2,2.036244392E0,7.372726798E-1
1.638884542E0,1.362753566E-2,2.035261154E0,7.367791533E-1
1.648908542E0,1.646323875E-2,2.031360149E0,7.332376838E-1
1.658932542E0,1.513458602E-2,2.030586243E0,7.336472273E-1
1.668956542E0,1.585973613E-2,2.027968407E0,7.337194681E-1
1.678980542E0,1.607332192E-2,2.025645494E0,7.328885794E-1
1.689003542E0,1.522618253E-2,2.024479866E0,7.307079434E-1
1.699027542E0,1.567119546E-2,2.020952225E0,7.341377735E-1
1.709051542E0,1.324427407E-2,2.020139217E0,7.321643829E-1
1.719075542E0,1.530529466E-2,2.015813589E0,7.313271165E-1
1.729098542E0,1.508695167E-2,2.012720346E0,7.319795489E-1
1.739122542E0,1.647898555E-2,2.009457588E0,7.308306694E-1
1.749146542E0,1.416613441E-2,2.008695364E0,7.310897708E-1
1.759170542E0,1.274533756E-2,2.005361080E0,7.306892276E-1
1.769194542E0,1.058916934E-2,2.003460407E0,7.303620577E-1
1.779217542E0,1.144510880E-2,2.003965139E0,7.316159010E-1
1.789241542E0,9.531603195E-3,2.003931046E0,7.309261560E-1
1.799265542E0,8.914016187E-3,2.004812717E0,7.308348417E-1
1.809289542E0,8.342928253E-3,2.005404711E0,7.291970253E-1
1.819313542E0,1.030993927E-2,2.005559206E0,7.258337140E-1
1.829336542E0,1.157380827E-2,2.006195068E0,7.248569131E-1
1.839360542E0,1.369128749E-2,2.004950285E0,7.228774428E-1
1.849384542E0,1.574909315E-2,2.005337715E0,7.200665474E-1
1.859408542E0,1.451791450E-2,2.004305124E0,7.216673493E-1
1.869432542E0,1.528625190E-2,2.004552841E0,7.196220756E-1
1.879455542E0,1.167074498E-2,2.004228830E0,7.226535678E-1
1.889479542E0,7.675023749E-3,2.005160809E0,7.241096497E-1
1.899503542E0,7.331476081E-3,2.003793001E0,7.286726832E-1
1.909527542E0,6.119019352E-3,2.004010916E0,7.300145030E-1
1.919551542E0,6.176011171E-3,2.006666899E0,7.316020131E-1
1.929574542E0,6.856387947E-3,2.009130955E0,7.352324128E-1
1.939598542E0,9.411691688E-3,2.010878801E0,7.348806262E-1
1.949622542E0,1.594944857E-2,2.013720274E0,7.358647585E-1
1.959646542E0,1.933272928E-2,2.018386602E0,7.366525531E-1
1.969669542E0,2.059519850E-2,2.020477772E0,7.372140884E-1
1.979693542E0,2.590607293E-2,2.026947260E0,7.388247848E-1
1.989717542E0,2.543534152E-2,2.032758713E0,7.401479483E-1
1.999741542E0,2.343024872E-2,2.038799763E0,7.431258559E-1
2.009765542E0,2.099697292E-2,2.046137810E0,7.457026243E-1
2.019788542E0,1.496731117E-2,2.052328348E0,7.463862896E-1
2.029812542E0,1.024750248E-2,2.058122635E0,7.482073903E-1
2.039836542E0,8.701270446E-3,2.063862801E0,7.498825192E-1
2.049860542E0,1.138664223E-2,2.069001198E0,7.505607009E-1
2.059884542E0,1.275018044E-2,2.071915150E0,7.487257719E-1
2.069907542E0,1.163579151E-2,2.077377558E0,7.512694597E-1
2.079931542E0,1.309973095E-2,2.080525875E0,7.499395013E-1
2.089955542E0,1.561756711E-2,2.084827662E0,7.521154284E-1
2.099979542E0,1.596271247E-2,2.089961767E0,7.544674873E-1
2.110003542E0,1.680342294E-2,2.094726324E0,7.577226162E-1
2.120026542E0,1.523934864E-2,2.100127697E0,7.605282664E-1
2.130050542E0,1.313778013E-2,2.103728056E0,7.629066706E-1
2.140074542E0,1.281580422E-2,2.109427929E0,7.647514343E-1
2.150098542E0,1.399753522E-2,2.113293171E0,7.654285431E-1
2.160122542E0,1.273306645E-2,2.116231441E0,7.668914199E-1
2.170145542E0,1.301757526E-2,2.120912313E0,7.678986192E-1
2.180169542E0,1.244206633E-2,2.123930693E0,7.683643699E-1
2.190193542E0,1.391137950E-2,2.128490925E0,7.708372474E-1
2.200217542E0,1.359419711E-2,2.132510662E0,7.737581730E-1
2.210241542E0,1.118355338E-2,2.141665220E0,7.756757140E-1
2.220264542E0,9.445307776E-3,2.150884628E0,7.798443437E-1
2.230288542E0,8.676603436E-3,2.160696507E0,7.845262885E-1
2.240312542E0,1.010672096E-2,2.171399593E0,7.887189388E-1
2.250336542E0,1.043579262E-2,2.179237604E0,7.902671695E-1
2.260359542E0,1.210133359E-2,2.184154034E0,7.908956409E-1
2.270383542E0,1.750553213E-2,2.190287352E0,7.944026589E-1
2.280407542E0,2.102862857E-2,2.196578741E0,7.959135175E-1
2.290431542E0,2.458667755E-2,2.200660706E0,7.952075601E-1
2.300455542E0,2.439253405E-2,2.208501816E0,7.985298634E-1
2.310478542E0,2.065571770E-2,2.213907003E0,8.010985851E-1
2.320502542E0,1.685991511E-2,2.223784447E0,8.040680289E-1
2.330526542E0,1.255866047E-2,2.233428240E0,8.093746901E-1
2.340550542E0,9.614002891E-3,2.242531300E0,8.132855296E-1
2.350574542E0,6.427264772E-3,2.253746271E0,8.168621659E-1
2.360597542E0,4.932964686E-3,2.261572838E0,8.232827783E-1
2.370621542E0,4.985245410E-3,2.271667719E0,8.250839114E-1
2.380645542E0,9.169603698E-3,2.282534361E0,8.286285996E-1
2.390669542E0,1.446786895E-2,2.290000677E0,8.309235573E-1
2.400693542E0,1.682662964E-2,2.297757387E0,8.342612982E-1
2.410716542E0,1.974401809E-2,2.307137251E0,8.338016272E-1
2.420740542E0,2.030434646E-2,2.315146446E0,8.374674320E-1
2.430764542E0,2.261865325E-2,2.324527979E0,8.392964602E-1
2.440788542E0,2.028252743E-2,2.334067106E0,8.424301744E-1
2.450812542E0,1.825399883E-2,2.347069025E0,8.467381001E-1
2.460835542E0,1.489441935E-2,2.356505156E0,8.528463244E-1
2.470859542E0,9.558908641E-3,2.372560024E0,8.588972092E-1
2.480883542E0,5.998528097E-3,2.385114193E0,8.634786606E-1
2.490907542E0,6.047348492E-3,2.396698236E0,8.708195090E-1
2.500930542E0,7.429262623E-3,2.408644915E0,8.761527538E-1
2.510954542E0,8.174731396E-3,2.421384811E0,8.806028962E-1
2.520978542E0,1.328480523E-2,2.431379080E0,8.848868608E-1
2.531002542E0,1.903255470E-2,2.441161633E0,8.898066282E-1
2.541026542E0,2.063204907E-2,2.450000525E0,8.934692740E-1
2.551049542E0,2.458624355E-2,2.458837032E0,8.955942392E-1
2.561073542E0,2.598493733E-2,2.471948624E0,8.972024918E-1
2.571097542E0,2.328725532E-2,2.484739542E0,8.990108371E-1
2.581121542E0,2.024459280E-2,2.499035120E0,9.013395309E-1
2.591145542E0,1.644589193E-2,2.513674498E0,9.075692296E-1
2.601168542E0,1.519287471E-2,2.529020548E0,9.103183746E-1
2.611192542E0,1.264596265E-2,2.542115450E0,9.161863327E-1
2.621216542E0,1.224648859E-2,2.553169966E0,9.254991412E-1
2.631240542E0,1.618448645E-2,2.561389923E0,9.298525453E-1
2.641264542E0,1.990066282E-2,2.570483923E0,9.343503714E-1
2.651287542E0,2.242353000E-2,2.576703787E0,9.375888705E-1
2.661311542E0,2.403927036E-2,2.583695412E0,9.368655682E-1
2.671335542E0,2.337209322E-2,2.589168072E0,9.393784404E-1
2.681359542E0,2.451219223E-2,2.595438004E0,9.373192787E-1
2.691383542E0,2.383375354E-2,2.603360891E0,9.383678436E-1
2.701406542E0,2.197060734E-2,2.609592915E0,9.364410639E-1
2.711430542E0,2.276100405E-2,2.614027500E0,9.380657673E-1
2.721454542E0,1.969943382E-2,2.616914272E0,9.386242628E-1
2.731478542E0,1.863534376E-2,2.617417097E0,9.409051538E-1
2.741502542E0,1.602278277E-2,2.616784573E0,9.404332638E-1
2.751525542E0,1.348654460E-2,2.615157127E0,9.435871840E-1
2.761549542E0,1.651056483E-2,2.611152172E0,9.430547953E-1
2.771573542E0,1.729251072E-2,2.604371309E0,9.408802986E-1
2.781597542E0,1.803366840E-2,2.598691702E0,9.397194386E-1
2.791621542E0,1.829948835E-2,2.591351509E0,9.398736954E-1
2.801644542E0,1.988992654E-2,2.582757950E0,9.358576536E-1
2.811668542E0,1.946165599E-2,2.577106714E0,9.354458451E-1
2.821692750E0,1.835511252E-2,2.572402239E0,9.349182844E-1
2.831716750E0,1.782209799E-2,2.570397854E0,9.360536933E-1
2.841739750E0,1.391284447E-2,2.569098234E0,9.340480566E-1
2.851763750E0,1.058194507E-2,2.573545456E0,9.345577955E-1
2.861787750E0,6.050043739E-3,2.576234341E0,9.393629432E-1
2.871811750E0,2.862474183E-3,2.584101439E0,9.408172369E-1
2.881835750E0,3.485387424E-3,2.587895155E0,9.408379793E-1
2.891858750E0,7.197483443E-3,2.593264818E0,9.411798716E-1
2.901882750E0,1.034081262E-2,2.596800089E0,9.441140890E-1
2.911906750E0,1.118180621E-2,2.600763559E0,9.400901198E-1
2.921930750E0,1.594007574E-2,2.598234892E0,9.394810200E-1
2.931954750E0,2.301900089E-2,2.598170996E0,9.363501072E-1
2.941977750E0,2.804358676E-2,2.596795797E0,9.339332581E-1
2.952001750E0,3.146259487E-2,2.594785452E0,9.333570600E-1
2.962025750E0,2.806013823E-2,2.593858480E0,9.382359385E-1
2.972049750E0,2.849032171E-2,2.594269276E0,9.404408932E-1
2.982073750E0,2.290993370E-2,2.594957829E0,9.433181882E-1
2.992096750E0,2.041869797E-2,2.594484806E0,9.468440413E-1
3.002120750E0,1.505482383E-2,2.593063593E0,9.478680491E-1
3.012144750E0,1.194807980E-2,2.593634129E0,9.495901465E-1
3.022168750E0,1.209455356E-2,2.588413000E0,9.440585375E-1
3.032192750E0,1.584335230E-2,2.584658861E0,9.400706291E-1
3.042215750E0,1.765030809E-2,2.575905323E0,9.315732718E-1
3.052239750E0,1.975214109E-2,2.567562103E0,9.274581671E-1
3.062263750E0,1.702746190E-2,2.560337305E0,9.225222468E-1
3.072287750E0,1.631675661E-2,2.557118416E0,9.222750068E-1
3.082310750E0,1.775273308E-2,2.556130171E0,9.253557920E-1
3.092334750E0,1.422590762E-2,2.556627035E0,9.290192127E-1
3.102358750E0,1.285944041E-2,2.558067322E0,9.357495904E-1
3.112382750E0,1.282106992E-2,2.559156656E0,9.394851327E-1
3.122406750E0,1.453454792E-2,2.559707880E0,9.391258955E-1
3.132429750E0,1.936366782E-2,2.560076714E0,9.387050271E-1
3.142453750E0,2.352965064E-2,2.561931610E0,9.423453212E-1
3.152477750E0,2.312428690E-2,2.567823887E0,9.456020594E-1
3.162501750E0,2.389686927E-2,2.574251413E0,9.443485141E-1
3.172525750E0,2.167101949E-2,2.586239100E0,9.483867884E-1
3.182548750E0,1.862010173E-2,2.593331575E0,9.511745572E-1
3.192572750E0,1.505870931E-2,2.605636835E0,9.524434805E-1
3.202596750E0,1.569760218E-2,2.613686800E0,9.483038187E-1
3.212620750E0,1.541272085E-2,2.615304708E0,9.380996227E-1
3.222644750E0,1.737546921E-2,2.617348433E0,9.348481297E-1
3.232667750E0,1.706008799E-2,2.615235567E0,9.291037917E-1
3.242691750E0,2.400854230E-2,2.616410017E0,9.262148142E-1
3.252715750E0,2.038740553E-2,2.612447262E0,9.212949276E-1
3.262739750E0,1.832878217E-2,2.608927965E0,9.232675433E-1
3.272763750E0,1.951066405E-2,2.602671385E0,9.263027906E-1
3.282786750E0,2.137860470E-2,2.595336676E0,9.284985662E-1
3.292810750E0,1.310459059E-2,2.592067242E0,9.328390360E-1
3.302834750E0,7.720744237E-3,2.587857962E0,9.373059273E-1
3.312858750E0,6.207073107E-3,2.583545685E0,9.450848103E-1
3.322882750E0,8.010299876E-3,2.583089113E0,9.542809725E-1
3.332905750E0,1.582499407E-2,2.576636553E0,9.575605989E-1
3.342929750E0,1.649930701E-2,2.569912672E0,9.492155910E-1
3.352953750E0,1.623572595E-2,2.569629431E0,9.544146657E-1
3.362977750E0,1.556114666E-2,2.567336798E0,9.602222443E-1
3.373001750E0,2.284678631E-2,2.574021101E0,9.545641541E-1
3.383024750E0,2.877604775E-2,2.573685408E0,9.445629120E-1
3.393048750E0,2.901338413E-2,2.573674440E0,9.422161579E-1
3.403072750E0,2.296348102E-2,2.569886923E0,9.339595437E-1
3.413096750E0,2.310640737E-2,2.568693638E0,9.258314967E-1
3.423119750E0,2.831182256E-2,2.562286854E0,9.152957797E-1
3.433143750E0,2.292466536E-2,2.563333750E0,9.084047675E-1
3.443167750E0,1.629472524E-2,2.564116955E0,9.126170874E-1
3.453191750E0,1.036526915E-2,2.564589024E0,9.161095619E-1
3.463215750E0,5.003526807E-3,2.567199230E0,9.199492931E-1
3.473238750E0,-1.845529070E-3,2.574102879E0,9.217758179E-1
3.483262750E0,3.027522936E-3,2.579142332E0,9.336359501E-1
3.493286750E0,4.058032762E-3,2.576358080E0,9.398226142E-1
3.503310750E0,6.588302087E-3,2.577915668E0,9.420109391E-1
3.513334750E0,1.196157932E-2,2.576149940E0,9.450451732E-1
3.523357750E0,2.610296570E-2,2.572750807E0,9.497845173E-1
3.533381750E0,3.322926909E-2,2.568327665E0,9.465458393E-1
3.543405750E0,3.285402805E-2,2.566585064E0,9.414240122E-1
3.553429750E0,2.666784078E-2,2.564358234E0,9.382852912E-1
3.563453750E0,-7.481607608E-3,2.577590942E0,9.308180809E-1
3.573476750E0,-2.315760963E-2,2.599005461E0,9.426218271E-1
3.583500750E0,-1.778867655E-2,2.611855507E0,9.408135414E-1
3.593524750E0,-1.144768670E-2,2.629677773E0,9.332299829E-1
3.603548750E0,-2.125983685E-2,2.632766724E0,9.292839766E-1
3.613572750E0,-1.646620035E-2,2.631312132E0,9.465129375E-1
3.623595750E0,-9.935596958E-3,2.626019955E0,9.590479136E-1
3.633619750E0,2.245395444E-2,2.622637987E0,9.569708109E-1
3.643643750E0,5.079931021E-2,2.618305445E0,9.591735005E-1
3.653667750E0,6.939098239E-2,2.616240740E0,9.708321095E-1
3.663691750E0,5.995913595E-2,2.616065264E0,9.721826315E-1
3.673714750E0,4.747678339E-2,2.625366449E0,9.722422957E-1
3.683738750E0,4.531696066E-2,2.633172274E0,9.731645584E-1
3.693762750E0,4.669334739E-2,2.642661810E0,9.684314728E-1
3.703786750E0,4.008844122E-2,2.651745081E0,9.580473304E-1
3.713809750E0,2.552715689E-2,2.661378622E0,9.555661678E-1
3.723833750E0,8.660557680E-3,2.671113253E0,9.561541677E-1
3.733857750E0,7.368940860E-3,2.675559521E0,9.582245350E-1
3.743881750E0,1.434083004E-2,2.681171417E0,9.552569985E-1
3.753905750E0,2.047131769E-2,2.682840109E0,9.574009180E-1
3.763928750E0,1.754423790E-2,2.681659937E0,9.654748440E-1
3.773952750E0,1.251471974E-2,2.678911924E0,9.702061415E-1
3.783976750E0,1.553288102E-2,2.674050808E0,9.715949297E-1
3.794000750E0,2.272295021E-2,2.672183514E0,9.757221341E-1
3.804024750E0,2.711769752E-2,2.668077230E0,9.733793736E-1
3.814047750E0,2.593342029E-2,2.668136358E0,9.714158773E-1
3.824072417E0,2.064092085E-2,2.663326263E0,9.684879780E-1
3.834096417E0,1.856376231E-2,2.661784410E0,9.651519656E-1
3.844120417E0,2.024954371E-2,2.657030106E0,9.592291117E-1
3.854144417E0,2.211504802E-2,2.651400328E0,9.517455101E-1
3.864167417E0,2.100451104E-2,2.653153896E0,9.484375715E-1
3.874191417E0,1.520033181E-2,2.646940947E0,9.465232491E-1
3.884215417E0,1.041782741E-2,2.641139984E0,9.456156492E-1
3.894239417E0,1.159794070E-2,2.636504889E0,9.422675967E-1
3.904263417E0,1.278864034E-2,2.629383564E0,9.435890913E-1
3.914286417E0,1.296115387E-2,2.622820377E0,9.445724487E-1
3.924310417E0,1.253398228E-2,2.612603664E0,9.471104145E-1
3.934334417E0,1.287387032E-2,2.605591059E0,9.519994259E-1
3.944358417E0,1.167757809E-2,2.597596407E0,9.518790841E-1
3.954382417E0,7.807397284E-3,2.596787930E0,9.536395073E-1
3.964405417E0,8.251878433E-3,2.593707085E0,9.566749930E-1
3.974429417E0,1.442300528E-2,2.596322775E0,9.533327818E-1
3.984453417E0,1.971896738E-2,2.594174385E0,9.427914619E-1
3.994477417E0,1.797543094E-2,2.596145391E0,9.392668009E-1
4.004501417E0,1.657114550E-2,2.591773987E0,9.350699186E-1
4.014524417E0,1.430165023E-2,2.592645407E0,9.269257188E-1
4.024548417E0,1.814033091E-2,2.594449282E0,9.273006916E-1
4.034572417E0,1.705862954E-2,2.595653296E0,9.331572056E-1
4.044596417E0,1.782242395E-2,2.597280264E0,9.385754466E-1
4.054619417E0,1.122691575E-2,2.599536180E0,9.421700239E-1
4.064643417E0,5.212965887E-3,2.601790428E0,9.503269792E-1
4.074667417E0,4.667151254E-3,2.601390839E0,9.549646378E-1
4.084691417E0,6.810463034E-3,2.604779482E0,9.565795660E-1
4.094715417E0,1.401372813E-2,2.604847908E0,9.579640627E-1
4.104738417E0,1.478524599E-2,2.608957529E0,9.527450800E-1
4.114762417E0,1.638435945E-2,2.610538006E0,9.516245723E-1
4.124786417E0,2.018016391E-2,2.611274242E0,9.462681413E-1
4.134810417E0,2.666374296E-2,2.613363266E0,9.447116256E-1
4.144834417E0,2.728718892E-2,2.616317987E0,9.432905912E-1
4.154857417E0,2.766221575E-2,2.618229628E0,9.449724555E-1
4.164881417E0,2.318517491E-2,2.621487379E0,9.441593885E-1
4.174905417E0,1.733017899E-2,2.623995781E0,9.489998817E-1
4.184929417E0,1.527794730E-2,2.625220537E0,9.535179138E-1
4.194953417E0,1.557788812E-2,2.626283169E0,9.553648233E-1
4.204976417E0,1.432566997E-2,2.624632359E0,9.572205544E-1
4.215000417E0,1.122794673E-2,2.623008013E0,9.565433860E-1
4.225024417E0,1.384210587E-2,2.619910002E0,9.580904245E-1
4.235048417E0,1.656088978E-2,2.616536856E0,9.593479037E-1
4.245072417E0,2.375701815E-2,2.616230011E0,9.557811618E-1
4.255095417E0,2.211889252E-2,2.615830898E0,9.563468099E-1
4.265119417E0,2.125762589E-2,2.617779732E0,9.580416083E-1
4.275143417E0,1.791439392E-2,2.618809462E0,9.586934447E-1
4.285167417E0,2.452755533E-2,2.624127865E0,9.585559964E-1
4.295191417E0,2.360513620E-2,2.626215458E0,9.584911466E-1
4.305214417E0,2.078751102E-2,2.629383326E0,9.570556879E-1
4.315238417E0,1.883993298E-2,2.631665707E0,9.560500979E-1
4.325262417E0,2.126447484E-2,2.633370638E0,9.540774822E-1
4.335286417E0,2.368601225E-2,2.636952162E0,9.535098672E-1
4.345310417E0,2.498776466E-2,2.637593508E0,9.528078437E-1
4.355333417E0,2.377028577E-2,2.639849424E0,9.552047849E-1
4.365357417E0,2.126105502E-2,2.641589642E0,9.597135186E-1
4.375381417E0,1.841977611E-2,2.643810749E0,9.632212520E-1
4.385405417E0,2.006561123E-2,2.646654367E0,9.683954716E-1
4.395429417E0,1.917280257E-2,2.648576021E0,9.731240869E-1
4.405452417E0,1.852831803E-2,2.653817177E0,9.748642445E-1
4.415476417E0,1.889357343E-2,2.656819582E0,9.740222096E-1
4.425500417E0,2.062596008E-2,2.659268618E0,9.734064937E-1
4.435524417E0,2.582137100E-2,2.663476229E0,9.714558125E-1
4.445547417E0,2.865497395E-2,2.666231871E0,9.700070620E-1
4.455571417E0,3.001232818E-2,2.671573400E0,9.671820402E-1
4.465595417E0,2.578509413E-2,2.675939560E0,9.654632211E-1
4.475619417E0,2.225176990E-2,2.680902481E0,9.655455947E-1
4.485643417E0,1.783518307E-2,2.684953451E0,9.662126899E-1
4.495666417E0,1.173489541E-2,2.690896988E0,9.659000635E-1
4.505690417E0,8.141757920E-3,2.695167065E0,9.701928496E-1
4.515714417E0,7.219437510E-3,2.699326992E0,9.746817350E-1
4.525738417E0,8.744097315E-3,2.704383612E0,9.724886417E-1
4.535762417E0,1.370187197E-2,2.703449488E0,9.778272510E-1
4.545785417E0,1.711071841E-2,2.702771187E0,9.807372689E-1
4.555809417E0,2.551098354E-2,2.702429771E0,9.804103971E-1
4.565833417E0,2.896057628E-2,2.700759411E0,9.816205502E-1
4.575857417E0,2.931849658E-2,2.702011824E0,9.833898544E-1
4.585881417E0,2.396554314E-2,2.705842972E0,9.855278730E-1
4.595904417E0,2.011242136E-2,2.711593628E0,9.866660833E-1
4.605928417E0,1.448729075E-2,2.717642784E0,9.853542447E-1
4.615952417E0,7.391894236E-3,2.727963686E0,9.881926179E-1
4.625976417E0,2.899940126E-3,2.735426664E0,9.886717200E-1
4.636000417E0,1.711508608E-3,2.743107319E0,9.894571304E-1
4.646023417E0,4.387985449E-3,2.748598099E0,9.893748164E-1
4.656047417E0,1.070534904E-2,2.750870705E0,9.907209873E-1
4.666071417E0,2.111111954E-2,2.753489017E0,9.942861199E-1
4.676095417E0,2.806110680E-2,2.754868507E0,9.966355562E-1
4.686119417E0,3.443325311E-2,2.757918119E0,9.995110035E-1
4.696142417E0,3.450044617E-2,2.761295557E0,1.003458858E0
4.706166417E0,3.265088052E-2,2.767593622E0,1.007041097E0
4.716190417E0,2.708042786E-2,2.774017096E0,1.012046933E0
4.726214417E0,1.988243498E-2,2.784656286E0,1.014987826E0
4.736238417E0,1.372592617E-2,2.793437958E0,1.013975859E0
4.746261417E0,1.023585349E-2,2.801761627E0,1.016790867E0
4.756285417E0,8.969442919E-3,2.809132576E0,1.014838219E0
4.766309417E0,7.543053944E-3,2.814977169E0,1.015747070E0
4.776333417E0,9.916238487E-3,2.814957142E0,1.015828371E0
4.786357417E0,1.622446813E-2,2.817615986E0,1.018203735E0
4.796380417E0,2.316498384E-2,2.821136236E0,1.019810438E0
4.806404417E0,2.944312058E-2,2.820415497E0,1.020912170E0
4.816428417E0,3.049837798E-2,2.821551800E0,1.021959424E0
4.826451750E0,3.101476468E-2,2.822413921E0,1.026656151E0
4.836475750E0,3.089562804E-2,2.826527357E0,1.027701497E0
4.846498750E0,2.431336045E-2,2.828792095E0,1.023472905E0
4.856522750E0,2.412801608E-2,2.831928253E0,1.024791121E0
4.866546750E0,1.824749075E-2,2.837001562E0,1.024459839E0
4.876570750E0,7.980954833E-3,2.838219166E0,1.019898534E0
4.886594750E0,3.711374477E-3,2.841884851E0,1.022474051E0
4.896617750E0,5.032352637E-3,2.846053123E0,1.023892879E0
4.906641750E0,5.806799978E-3,2.848272562E0,1.025272131E0
4.916665750E0,7.060148753E-3,2.849766731E0,1.030628800E0
4.926689750E0,1.008283626E-2,2.851918459E0,1.038148522E0
4.936712750E0,1.546706539E-2,2.854922533E0,1.041692495E0
4.946736750E0,1.840559766E-2,2.857249022E0,1.047764301E0
4.956760750E0,2.386617847E-2,2.861036062E0,1.049358130E0
4.966784750E0,2.725451812E-2,2.868395567E0,1.049404502E0
4.976808750E0,2.672171593E-2,2.877467394E0,1.047933221E0
4.986831750E0,2.551157586E-2,2.885486364E0,1.048041701E0
4.996855750E0,2.428802103E-2,2.898548603E0,1.047204018E0
5.006879750E0,2.403741702E-2,2.910059214E0,1.046138763E0
5.016903750E0,2.171307802E-2,2.921690941E0,1.052419305E0
5.026927750E0,1.854524761E-2,2.934244394E0,1.055273652E0
5.036950750E0,1.614134386E-2,2.947183132E0,1.061088920E0
5.046974750E0,1.847879961E-2,2.955941439E0,1.067414641E0
5.056998750E0,1.821559854E-2,2.962893248E0,1.073511958E0
5.067022750E0,2.097143792E-2,2.967528820E0,1.078159332E0
5.077046750E0,2.422761731E-2,2.971962452E0,1.082455277E0
5.087069750E0,2.545213886E-2,2.972588778E0,1.083128333E0
5.097093750E0,2.769418992E-2,2.975049734E0,1.080374599E0
5.107117750E0,3.121382371E-2,2.974733353E0,1.080668569E0
5.117141750E0,3.138710931E-2,2.977081776E0,1.081804991E0
5.127165750E0,2.874445543E-2,2.979532242E0,1.081456661E0
5.137188750E0,2.382534556E-2,2.984455585E0,1.083088636E0
5.147212750E0,2.066657133E-2,2.989367485E0,1.085292459E0
5.157236750E0,1.700778678E-2,2.996924162E0,1.089438915E0
5.167260750E0,1.307962462E-2,3.006214619E0,1.093372345E0
5.177284750E0,1.349840593E-2,3.012925625E0,1.094607115E0
5.187307750E0,7.502032444E-3,3.017453909E0,1.088367343E0
5.197331750E0,1.073260792E-2,3.021478415E0,1.090674758E0
5.207355750E0,1.491297223E-2,3.018028975E0,1.085548162E0
5.217379750E0,2.383200452E-2,3.014938831E0,1.077208161E0
5.227403750E0,2.791622840E-2,3.008877039E0,1.077096820E0
5.237426750E0,2.659448609E-2,3.002737045E0,1.075500727E0
5.247450750E0,2.393718436E-2,2.997658014E0,1.074491978E0
5.257474750E0,1.993750781E-2,2.997969866E0,1.080471873E0
5.267498750E0,1.794040203E-2,2.998526573E0,1.086259484E0
5.277522750E0,1.448291074E-2,2.997725487E0,1.093379259E0
5.287545750E0,1.514071133E-2,2.993875027E0,1.099164486E0
5.297569750E0,1.724134944E-2,2.987278700E0,1.096848845E0
5.307593750E0,1.402105391E-2,2.984184980E0,1.096635699E0
5.317617750E0,9.253564291E-3,2.976323128E0,1.088049889E0
5.327641750E0,1.253298018E-2,2.974391460E0,1.085466862E0
5.337664750E0,1.714823954E-2,2.973079443E0,1.084238887E0
5.347688750E0,3.103396110E-2,2.973434687E0,1.084912062E0
5.357712750E0,3.231269866E-2,2.973159075E0,1.076426864E0
5.367736750E0,2.912089787E-2,2.967251778E0,1.071909547E0
5.377760750E0,2.384236641E-2,2.963181257E0,1.067323089E0
5.387783750E0,2.489191666E-2,2.956761360E0,1.066983223E0
5.397807750E0,3.163073957E-2,2.954548836E0,1.064106107E0
5.407831750E0,2.672572993E-2,2.949039221E0,1.062803745E0
5.417855750E0,1.664886065E-2,2.947678804E0,1.062883973E0
5.427878750E0,1.678965287E-3,2.945959330E0,1.066171288E0
5.437902750E0,-1.289293519E-3,2.939553022E0,1.067941904E0
5.447926750E0,1.088909339E-3,2.939231873E0,1.071740627E0
5.457950750E0,4.265746567E-3,2.936613083E0,1.072899342E0
5.467974750E0,7.820654428E-4,2.935944796E0,1.069225430E0
5.477997750E0,4.047862254E-3,2.934218407E0,1.073027372E0
5.488021750E0,1.120723877E-2,2.933460712E0,1.071622849E0
5.498045750E0,2.509254962E-2,2.931822538E0,1.073690057E0
5.508069750E0,3.163087368E-2,2.929597616E0,1.071234107E0
5.518093750E0,3.397987783E-2,2.929889679E0,1.072376013E0
5.528116750E0,3.517270833E-2,2.927438974E0,1.071606040E0
5.538140750E0,3.567359224E-2,2.926189423E0,1.070539117E0
5.548164750E0,3.335770965E-2,2.923485041E0,1.064588547E0
5.558188750E0,2.635997720E-2,2.921809435E0,1.062403798E0
5.568212750E0,2.335033752E-2,2.920463800E0,1.062381387E0
5.578235750E0,2.078177035E-2,2.917696953E0,1.056362629E0
5.588259750E0,1.869065501E-2,2.914639235E0,1.053267002E0
5.598283750E0,1.420282852E-2,2.909373760E0,1.050019503E0
5.608307750E0,1.631072164E-2,2.903820515E0,1.051561952E0
5.618331750E0,1.995019987E-2,2.898287773E0,1.045523405E0
5.628354750E0,2.066126466E-2,2.890158415E0,1.042466640E0
5.638378750E0,1.802630909E-2,2.882920980E0,1.039263368E0
5.648402750E0,2.013127133E-2,2.874285936E0,1.039548874E0
5.658426750E0,1.862798072E-2,2.869132996E0,1.038911581E0
5.668450750E0,1.776591502E-2,2.862734556E0,1.037403703E0
5.678473750E0,1.820853166E-2,2.860484838E0,1.036860108E0
5.688497750E0,1.599970646E-2,2.853071928E0,1.034835339E0
5.698521750E0,1.450220030E-2,2.843739986E0,1.034444928E0
5.708545750E0,1.929162815E-2,2.838252068E0,1.032319427E0
5.718569750E0,2.245898731E-2,2.825906277E0,1.029026866E0
5.728592750E0,2.467127517E-2,2.818936348E0,1.026255250E0
5.738616750E0,2.575609460E-2,2.810322046E0,1.024252415E0
5.748640750E0,2.500801347E-2,2.801989317E0,1.021422267E0
5.758664750E0,2.646870725E-2,2.793889761E0,1.016380072E0
5.768688750E0,2.441967092E-2,2.786680698E0,1.008991122E0
5.778711750E0,1.771316119E-2,2.783082962E0,1.008143067E0
5.788735750E0,1.445957553E-2,2.777010441E0,1.005617261E0
5.798759750E0,1.066771615E-2,2.777005196E0,1.001102209E0
5.808783750E0,9.758513421E-3,2.775013685E0,1.001072049E0
5.818807750E0,9.576585144E-3,2.772087336E0,1.001292229E0
5.828831042E0,8.290544152E-3,2.768371105E0,1.004352212E0
5.838855042E0,6.897977553E-3,2.768130064E0,1.004176497E0
5.848879042E0,7.436468732E-3,2.766993284E0,1.009046316E0
5.858903042E0,1.064931415E-2,2.771648407E0,1.011606693E0
5.868927042E0,1.198249217E-2,2.774748325E0,1.010758996E0
5.878950042E0,1.445105765E-2,2.777625322E0,1.011070848E0
5.888974042E0,1.036124118E-2,2.781097889E0,1.009227633E0
5.898998042E0,1.083393488E-2,2.781971455E0,1.004512310E0
5.909022042E0,9.273055941E-3,2.782697439E0,9.961255193E-1
5.919046042E0,1.704936475E-2,2.782839537E0,9.952468872E-1
5.929069042E0,2.323908359E-2,2.776536942E0,9.886544943E-1
5.939093042E0,2.691874094E-2,2.767958403E0,9.867247343E-1
5.949117042E0,2.432455681E-2,2.756407022E0,9.873151183E-1
5.959141042E0,2.606819570E-2,2.742766142E0,9.960927367E-1
5.969165042E0,2.884986624E-2,2.728482962E0,9.967710376E-1
5.979188042E0,2.968853153E-2,2.717804432E0,9.945352674E-1
5.989212042E0,2.604692429E-2,2.709342718E0,9.974325299E-1
5.999236042E0,1.930154860E-2,2.704022169E0,9.959166050E-1
6.009260042E0,1.816597767E-2,2.698076963E0,9.909865260E-1
6.019284042E0,2.063942701E-2,2.689666510E0,9.822909236E-1
6.029307042E0,2.229990810E-2,2.682542324E0,9.739421606E-1
6.039331042E0,2.344882488E-2,2.671677113E0,9.632677436E-1
6.049355042E0,2.226451784E-2,2.660701752E0,9.557664394E-1
6.059379042E0,2.568070404E-2,2.652400255E0,9.528802633E-1
6.069403042E0,2.477895841E-2,2.641604185E0,9.476689696E-1
6.079426042E0,2.318913676E-2,2.633471251E0,9.453848600E-1
6.089450042E0,1.967935637E-2,2.625656605E0,9.496810436E-1
6.099474042E0,1.508330368E-2,2.619501352E0,9.520526528E-1
6.109498042E0,1.150481403E-2,2.614433050E0,9.553368688E-1
6.119522042E0,7.245771121E-3,2.609933376E0,9.601057172E-1
6.129545042E0,3.591114888E-3,2.608724117E0,9.624519348E-1
6.139569042E0,3.629930085E-3,2.606048822E0,9.565950632E-1
6.149593042E0,8.559707552E-3,2.602832794E0,9.521297216E-1
6.159617042E0,1.215993613E-2,2.598775387E0,9.449955225E-1
6.169640042E0,1.695655659E-2,2.596102953E0,9.361215830E-1
6.179664042E0,2.356096543E-2,2.592811108E0,9.307353497E-1
6.189688042E0,2.616873197E-2,2.586107492E0,9.273185134E-1
6.199712042E0,3.235451877E-2,2.584540367E0,9.245281816E-1
6.209736042E0,2.861091308E-2,2.580941916E0,9.277247787E-1
6.219759042E0,2.432882413E-2,2.576777697E0,9.274551272E-1
6.229783042E0,1.537154894E-2,2.574051380E0,9.331292510E-1
6.239807042E0,7.675288711E-3,2.575029850E0,9.393278956E-1
6.249831042E0,5.567130167E-3,2.574870348E0,9.424206614E-1
6.259855042E0,2.325667534E-3,2.574599981E0,9.413040876E-1
6.269878042E0,2.161084209E-3,2.573424816E0,9.397839308E-1
6.279902042E0,3.675320884E-3,2.568979263E0,9.328996539E-1
6.289926042E0,1.003068872E-2,2.564714909E0,9.298743010E-1
6.299950042E0,1.848730259E-2,2.557864428E0,9.234770536E-1
6.309974042E0,2.838387527E-2,2.549486399E0,9.185885787E-1
6.319997042E0,3.403615579E-2,2.544978380E0,9.177233577E-1
6.330021042E0,3.580742329E-2,2.539463520E0,9.151315689E-1
6.340045042E0,3.193891421E-2,2.536350250E0,9.182977676E-1
6.350069042E0,2.730421908E-2,2.532298088E0,9.202530980E-1
6.360093042E0,2.304115519E-2,2.529937744E0,9.230588078E-1
6.370116042E0,1.513289846E-2,2.529255867E0,9.291707277E-1
6.380140042E0,6.170652807E-3,2.530284405E0,9.332618117E-1
6.390164042E0,-4.688741465E-4,2.529824734E0,9.317025542E-1
6.400188042E0,-2.886746312E-3,2.526767254E0,9.303953648E-1
6.410212042E0,4.255585372E-3,2.527252197E0,9.265777469E-1
6.420235042E0,1.679876074E-2,2.525015116E0,9.165946841E-1
6.430259042E0,2.848710865E-2,2.523221731E0,9.094432592E-1
6.440283042E0,3.331941366E-2,2.518051624E0,9.027893543E-1
6.450307042E0,3.561425954E-2,2.517908096E0,9.013885260E-1
6.460331042E0,3.664444014E-2,2.514164209E0,9.027278423E-1
6.470354042E0,3.603244573E-2,2.515861750E0,9.037212133E-1
6.480378042E0,2.684346400E-2,2.516503334E0,9.127413034E-1
6.490402042E0,1.594953611E-2,2.517410278E0,9.164625406E-1
6.500426042E0,3.923581447E-3,2.515901566E0,9.215025902E-1
6.510450042E0,1.323537435E-3,2.514671326E0,9.235534668E-1
6.520473042E0,1.494107419E-3,2.514942408E0,9.250187874E-1
6.530497042E0,4.517594352E-3,2.515300989E0,9.232965112E-1
6.540521042E0,8.312518708E-3,2.512526035E0,9.152243733E-1
6.550545042E0,1.805436239E-2,2.508230686E0,9.112831354E-1
6.560569042E0,2.858480439E-2,2.505556345E0,9.084061384E-1
6.570592042E0,3.687389195E-2,2.501250982E0,9.039693475E-1
6.580616042E0,3.643176705E-2,2.499929905E0,8.978434801E-1
6.590640042E0,3.063486889E-2,2.503213882E0,8.992198110E-1
6.600664042E0,2.070399001E-2,2.500766039E0,9.001528025E-1
6.610688042E0,1.485009678E-2,2.504864931E0,9.071595669E-1
6.620711042E0,8.345305920E-3,2.506331444E0,9.074565172E-1
6.630735042E0,3.744961228E-3,2.506121635E0,9.105314016E-1
6.640759042E0,4.067736678E-3,2.505354404E0,9.126150608E-1
6.650783042E0,5.288529675E-3,2.500950575E0,9.097002149E-1
6.660807042E0,1.450749952E-2,2.498764992E0,9.069200158E-1
6.670830042E0,2.169270627E-2,2.494846106E0,9.041351080E-1
6.680854042E0,2.519091405E-2,2.491842747E0,9.028815031E-1
6.690878042E0,2.208540216E-2,2.494007826E0,9.004580379E-1
6.700902042E0,2.288638614E-2,2.496482611E0,9.010009170E-1
6.710926042E0,2.082137018E-2,2.499211073E0,8.994887471E-1
6.720949042E0,1.362783555E-2,2.501312017E0,9.007638693E-1
6.730973042E0,9.893551469E-3,2.504113436E0,9.025825858E-1
6.740997042E0,4.659383092E-3,2.506296635E0,9.030943513E-1
6.751021042E0,5.826646462E-3,2.505366087E0,9.069964290E-1
6.761045042E0,8.834764361E-3,2.504863977E0,9.088849425E-1
6.771068042E0,1.307052188E-2,2.506543636E0,9.102991223E-1
6.781092042E0,1.661521941E-2,2.506456852E0,9.131732583E-1
6.791116042E0,1.996627450E-2,2.506942034E0,9.155088067E-1
6.801140042E0,2.325640246E-2,2.509205818E0,9.153159857E-1
6.811164042E0,2.385401540E-2,2.511827707E0,9.116591811E-1
6.821186792E0,2.356748655E-2,2.515568495E0,9.138503075E-1
6.831210792E0,2.028673887E-2,2.519906759E0,9.117120504E-1
6.841234792E0,1.395040471E-2,2.525891781E0,9.120625854E-1
6.851258792E0,1.128165051E-2,2.531473160E0,9.144098759E-1
6.861282792E0,1.059558243E-2,2.541551352E0,9.152314663E-1
6.871305792E0,1.001980621E-2,2.545670986E0,9.160200357E-1
6.881329792E0,1.168891042E-2,2.551106215E0,9.205434918E-1
6.891353792E0,1.289638784E-2,2.552114964E0,9.238498211E-1
6.901377792E0,1.708311960E-2,2.555907249E0,9.263672233E-1
6.911401792E0,2.098891139E-2,2.556723118E0,9.308248162E-1
6.921424792E0,2.502305433E-2,2.560570002E0,9.362473488E-1
6.931448792E0,2.573864721E-2,2.562891483E0,9.378383160E-1
6.941472792E0,2.340651676E-2,2.570406914E0,9.393059611E-1
6.951496792E0,2.256335877E-2,2.577795029E0,9.409416914E-1
6.961520792E0,1.793934219E-2,2.583588600E0,9.421561360E-1
6.971543792E0,1.580135711E-2,2.591975212E0,9.423108697E-1
6.981567792E0,1.275583636E-2,2.601313591E0,9.404610395E-1
6.991591792E0,1.496146712E-2,2.611044645E0,9.449378252E-1
7.001615792E0,1.868246123E-2,2.616800308E0,9.466491938E-1
7.011639792E0,1.906595752E-2,2.622508049E0,9.470201731E-1
7.021662792E0,2.195019834E-2,2.628821850E0,9.510200620E-1
7.031686792E0,2.215526253E-2,2.631385088E0,9.584036469E-1
7.041710792E0,2.574290521E-2,2.640473127E0,9.598047137E-1
7.051734792E0,2.623292804E-2,2.649876833E0,9.637589455E-1
7.061758792E0,2.459768392E-2,2.659424305E0,9.670562744E-1
7.071781792E0,1.538980473E-2,2.669782639E0,9.695754051E-1
7.081805792E0,9.781935252E-3,2.684558392E0,9.713684320E-1
7.091829792E0,9.388852865E-3,2.698103905E0,9.724185467E-1
7.101853792E0,1.039031614E-2,2.710680962E0,9.745337367E-1
7.111877792E0,1.147289108E-2,2.722144842E0,9.749547839E-1
7.121900792E0,7.577459328E-3,2.731523037E0,9.812999964E-1
7.131924792E0,3.606420243E-3,2.742532492E0,9.877411127E-1
7.141948792E0,8.073014207E-3,2.750102997E0,9.978169203E-1
7.151972792E0,1.644918881E-2,2.760625601E0,1.004608035E0
7.161996792E0,2.087649517E-2,2.772342443E0,1.010747910E0
7.172019792E0,1.921494864E-2,2.783633471E0,1.017602682E0
7.182043792E0,1.887612417E-2,2.798524380E0,1.021269202E0
7.192067792E0,2.124207653E-2,2.811456680E0,1.023962975E0
7.202091792E0,2.841222286E-2,2.820494413E0,1.020040154E0
7.212115792E0,3.576601297E-2,2.826220036E0,1.018723965E0
7.222138792E0,3.328369930E-2,2.831832409E0,1.019122839E0
7.232162792E0,3.125037253E-2,2.833419323E0,1.016569376E0
7.242186792E0,2.905561402E-2,2.837268591E0,1.017982841E0
7.252210792E0,3.074299172E-2,2.837861776E0,1.020315766E0
7.262234792E0,2.806390263E-2,2.839754343E0,1.024284363E0
7.272257792E0,2.082702890E-2,2.842710495E0,1.029194713E0
7.282281792E0,1.421200298E-2,2.843793154E0,1.032005906E0
7.292305792E0,6.835845299E-3,2.844113350E0,1.035202265E0
7.302329792E0,4.227509722E-3,2.846012115E0,1.035453439E0
7.312353792E0,7.756464649E-3,2.843496799E0,1.033344984E0
7.322376792E0,9.135499597E-3,2.842244387E0,1.029851198E0
7.332400792E0,1.087853778E-2,2.837522984E0,1.024062753E0
7.342424792E0,1.360109914E-2,2.836827755E0,1.019433260E0
7.352448792E0,1.879399829E-2,2.831497192E0,1.015612245E0
7.362472792E0,2.253260463E-2,2.826323986E0,1.013733268E0
7.372495792E0,2.409774438E-2,2.823572874E0,1.012663960E0
7.382519792E0,1.977344602E-2,2.821374416E0,1.014987826E0
7.392543792E0,1.465192158E-2,2.819501400E0,1.018601418E0
7.402567792E0,1.172397193E-2,2.817596912E0,1.022568703E0
7.412591792E0,7.808858994E-3,2.816643476E0,1.024106383E0
7.422614792E0,6.089392118E-3,2.814293146E0,1.028408527E0
7.432638792E0,8.957882412E-3,2.809519529E0,1.027787805E0
7.442662792E0,1.560681500E-2,2.801787376E0,1.024528384E0
7.452686792E0,3.120042197E-2,2.789887428E0,1.020158648E0
7.462710792E0,3.703599051E-2,2.774377108E0,1.007693529E0
7.472734792E0,4.119957611E-2,2.766783714E0,1.003719807E0
7.482757792E0,3.873653337E-2,2.751169205E0,9.948486090E-1
7.492781792E0,4.263779894E-2,2.742169142E0,9.955607057E-1
7.502805792E0,3.870900348E-2,2.735848427E0,9.921960831E-1
7.512829792E0,2.389836684E-2,2.734180450E0,9.939196706E-1
7.522852792E0,6.167304236E-3,2.737128496E0,9.986901283E-1
7.532876792E0,-8.871299215E-3,2.742106915E0,1.007707834E0
7.542900792E0,-4.706484266E-3,2.745525599E0,1.017631054E0
7.552924792E0,3.909640945E-3,2.744462252E0,1.014136910E0
7.562948792E0,1.572342776E-2,2.738056421E0,1.004892588E0
7.572971792E0,1.680413820E-2,2.733850002E0,9.959228635E-1
7.582995792E0,2.868174389E-2,2.730791807E0,9.956832528E-1
7.593019792E0,4.707672819E-2,2.724932194E0,9.907764196E-1
7.603043792E0,5.857900903E-2,2.729028225E0,9.902818799E-1
7.613067792E0,4.989657179E-2,2.730848551E0,9.893987775E-1
7.623090792E0,2.259815671E-2,2.736505270E0,9.898536801E-1
7.633114792E0,5.471369252E-3,2.734988451E0,9.930790663E-1
7.643138792E0,9.513621917E-4,2.738184690E0,9.919420481E-1
7.653162792E0,-9.930116357E-4,2.737989902E0,9.883944392E-1
7.663186792E0,-6.088919472E-3,2.738221169E0,9.791703820E-1
7.673210792E0,-1.441822294E-2,2.734616041E0,9.781685472E-1
7.683233792E0,-5.601428449E-3,2.726310492E0,9.723719358E-1
7.693257792E0,1.597070880E-2,2.718250513E0,9.700267911E-1
7.703281792E0,3.150370717E-2,2.710056543E0,9.631124139E-1
7.713305792E0,3.856614232E-2,2.699760914E0,9.634522200E-1
7.723329792E0,3.588928282E-2,2.688868046E0,9.658505321E-1
7.733352792E0,3.929786384E-2,2.683564425E0,9.686290026E-1
7.743376792E0,3.640839830E-2,2.679164648E0,9.720107317E-1
7.753400792E0,2.832863480E-2,2.679661274E0,9.754230380E-1
7.763424792E0,1.388007589E-2,2.674320459E0,9.745961428E-1
7.773448792E0,-4.613713827E-3,2.669506788E0,9.776862264E-1
7.783471792E0,-1.330332085E-2,2.666911364E0,9.814634919E-1
7.793495792E0,-1.202473696E-2,2.659204245E0,9.726468325E-1
7.803519792E0,7.069406274E-5,2.645642042E0,9.638524055E-1
7.813543792E0,1.759589277E-2,2.627279997E0,9.534594417E-1
7.823567875E0,2.907677926E-2,2.608583689E0,9.420035481E-1
7.833590875E0,3.586597368E-2,2.593111277E0,9.342148900E-1
7.843614875E0,4.209645092E-2,2.578037739E0,9.248960018E-1
7.853638875E0,4.376225919E-2,2.566835165E0,9.218442440E-1
7.863662875E0,3.777815029E-2,2.558069944E0,9.181542397E-1
7.873686875E0,2.184658684E-2,2.552278280E0,9.137126207E-1
7.883709875E0,6.275934167E-3,2.545324087E0,9.129152894E-1
7.893733875E0,-1.769048977E-4,2.536686420E0,9.117991924E-1
7.903757875E0,-2.809820231E-3,2.526666641E0,9.100117683E-1
7.913781875E0,-3.030329943E-3,2.512909651E0,9.065451622E-1
7.923805875E0,-6.643269444E-4,2.493831396E0,9.035158753E-1
7.933828875E0,9.849299677E-3,2.474917412E0,9.023547173E-1
7.943852875E0,2.256508358E-2,2.455035210E0,8.968515396E-1
7.953876875E0,3.041981161E-2,2.438754320E0,8.935223222E-1
7.963900875E0,3.332370147E-2,2.425490379E0,9.013397098E-1
7.973924875E0,-2.396568470E-2,2.438755512E0,9.117497206E-1
7.983947875E0,-1.300200354E-2,2.439631939E0,8.804200888E-1
7.993971875E0,-3.043905087E-2,2.472872972E0,9.048380852E-1
8.003995875E0,-1.668103039E-3,2.462630272E0,8.881741166E-1
8.014019875E0,-8.784336038E-3,2.449277163E0,8.936021328E-1
8.024043875E0,-2.232662402E-3,2.439411879E0,8.900503516E-1
8.034066875E0,-4.244946875E-3,2.434686661E0,8.963181376E-1
8.044090875E0,1.342758723E-2,2.435915232E0,8.974319696E-1
8.054114875E0,4.299107194E-2,2.437804937E0,8.952113986E-1
8.064138875E0,5.813497305E-2,2.441395521E0,8.944360018E-1
8.074162875E0,6.203677133E-2,2.447068214E0,8.941680789E-1
8.084185875E0,5.072684586E-2,2.448873758E0,8.937642574E-1
8.094209875E0,4.433472455E-2,2.453566313E0,8.895761967E-1
8.104233875E0,3.955692798E-2,2.456064939E0,8.867375255E-1
8.114257875E0,3.889939189E-2,2.463771820E0,8.838703632E-1
8.124281875E0,3.003714606E-2,2.468515396E0,8.817263842E-1
8.134304875E0,2.209187299E-2,2.475279331E0,8.856928945E-1
8.144328875E0,9.541745298E-3,2.477048635E0,8.848474026E-1
8.154352875E0,6.182166748E-3,2.481756210E0,8.900030255E-1
8.164376875E0,1.432470512E-3,2.480910540E0,8.965557814E-1
8.174400875E0,2.889752388E-3,2.479825258E0,8.940987587E-1
8.184423875E0,2.573125996E-3,2.477569103E0,8.940963745E-1
8.194447875E0,3.944653552E-3,2.470494986E0,8.961273432E-1
8.204471875E0,1.020786446E-2,2.465987682E0,8.978684545E-1
8.214495875E0,1.496347040E-2,2.458879471E0,8.942481875E-1
8.224519875E0,2.712648548E-2,2.452702999E0,8.907097578E-1
8.234542875E0,3.175852075E-2,2.445576906E0,8.892756701E-1
8.244566875E0,2.938724309E-2,2.442294598E0,8.886100054E-1
8.254590875E0,2.621248737E-2,2.439431429E0,8.812466264E-1
8.264614875E0,2.006959915E-2,2.438709974E0,8.824101686E-1
8.274638875E0,2.136948891E-2,2.437831402E0,8.840964437E-1
8.284661875E0,2.057773061E-2,2.440671921E0,8.793084025E-1
8.294685875E0,1.717847213E-2,2.438034773E0,8.783634901E-1
8.304709875E0,9.351531975E-3,2.435997725E0,8.778614402E-1
8.314733875E0,4.088593647E-3,2.434228659E0,8.750017285E-1
8.324757875E0,6.044188514E-3,2.428288937E0,8.684774637E-1
8.334780875E0,1.055744756E-2,2.420162439E0,8.693951964E-1
8.344804875E0,1.214092690E-2,2.412211657E0,8.671853542E-1
8.354828875E0,1.652448997E-2,2.403928995E0,8.649842143E-1
8.364852875E0,1.693881303E-2,2.393788338E0,8.635865450E-1
8.374876875E0,2.046883292E-2,2.384618044E0,8.644821644E-1
8.384899875E0,2.230966836E-2,2.376997232E0,8.647449613E-1
8.394923875E0,2.258024551E-2,2.372150660E0,8.678677678E-1
8.404947875E0,2.202631533E-2,2.365937233E0,8.667562008E-1
8.414971875E0,1.973945834E-2,2.363844156E0,8.638226986E-1
8.424995875E0,1.544153783E-2,2.363338232E0,8.652710915E-1
8.435019875E0,1.327692065E-2,2.363332510E0,8.637253642E-1
8.445042875E0,1.254115067E-2,2.364020586E0,8.613749743E-1
8.455066875E0,5.579647142E-3,2.364801645E0,8.620210290E-1
8.465090875E0,4.456654191E-3,2.372195005E0,8.621646762E-1
8.475114875E0,4.925636575E-3,2.378292799E0,8.595651388E-1
8.485138875E0,9.104946628E-3,2.385219812E0,8.583864570E-1
8.495161875E0,1.165385824E-2,2.389546633E0,8.579294682E-1
8.505185875E0,1.057705469E-2,2.393678188E0,8.577352762E-1
8.515209875E0,1.251610182E-2,2.398188829E0,8.597481251E-1
8.525233875E0,1.691863127E-2,2.398420811E0,8.607195616E-1
8.535257875E0,2.238689922E-2,2.400306940E0,8.630892634E-1
8.545280875E0,2.471718378E-2,2.401421309E0,8.665418029E-1
8.555304875E0,2.435366251E-2,2.400152445E0,8.693546653E-1
8.565328875E0,1.871625334E-2,2.399869919E0,8.750576377E-1
8.575352875E0,1.711622626E-2,2.401652575E0,8.762560487E-1
8.585376875E0,1.425904315E-2,2.403832197E0,8.814156055E-1
8.595399875E0,1.547344495E-2,2.405011177E0,8.858143687E-1
8.605423875E0,1.507536322E-2,2.407170296E0,8.833646178E-1
8.615447875E0,1.622771285E-2,2.407492161E0,8.827398419E-1
8.625471875E0,1.640000567E-2,2.409335375E0,8.824626803E-1
8.635495875E0,2.031405456E-2,2.408968687E0,8.766458035E-1
8.645518875E0,2.605527081E-2,2.410243034E0,8.755607605E-1
8.655542875E0,3.068091534E-2,2.411578655E0,8.726387620E-1
8.665566875E0,2.978582680E-2,2.416299105E0,8.739173412E-1
8.675590875E0,2.418546565E-2,2.420798302E0,8.753628731E-1
8.685614875E0,2.056313492E-2,2.427365541E0,8.815143108E-1
8.695637875E0,1.786854863E-2,2.434167624E0,8.845444918E-1
8.705661875E0,1.396089699E-2,2.440741062E0,8.899875283E-1
8.715685875E0,8.479312062E-3,2.446909428E0,8.941785693E-1
8.725709875E0,4.942312837E-3,2.454706192E0,8.921954036E-1
8.735733875E0,4.011804238E-3,2.460180759E0,8.892539740E-1
8.745756875E0,7.581416052E-3,2.466565609E0,8.927192092E-1
8.755780875E0,1.287897676E-2,2.471729994E0,8.887857199E-1
8.765804875E0,1.573581807E-2,2.477116346E0,8.895556331E-1
8.775828875E0,1.845384017E-2,2.482403278E0,8.900408745E-1
8.785852875E0,2.355339378E-2,2.485523462E0,8.920951486E-1
8.795875875E0,2.120208926E-2,2.490992785E0,8.961165547E-1
8.805899875E0,2.075658180E-2,2.495668411E0,8.997312784E-1
8.815923875E0,1.950755902E-2,2.497912884E0,9.052874446E-1
8.825948250E0,1.504407544E-2,2.500003576E0,9.107722044E-1
8.835972250E0,1.319930330E-2,2.504361629E0,9.146984816E-1
8.845995250E0,1.368132234E-2,2.508468866E0,9.161520004E-1
8.856019250E0,1.304669119E-2,2.510101795E0,9.169800282E-1
8.866043250E0,1.137690991E-2,2.513994694E0,9.170768857E-1
8.876067250E0,1.441717427E-2,2.515978336E0,9.154800773E-1
8.886091250E0,2.051371336E-2,2.521040201E0,9.162775278E-1
8.896114250E0,2.310044132E-2,2.524369717E0,9.134218097E-1
8.906138250E0,2.283562161E-2,2.528193951E0,9.147143960E-1
8.916162250E0,2.172375284E-2,2.532407999E0,9.173669219E-1
8.926186250E0,2.465315536E-2,2.539363861E0,9.217964411E-1
8.936210250E0,2.355220355E-2,2.543940544E0,9.246159196E-1
8.946234250E0,2.185156196E-2,2.552171946E0,9.289651513E-1
8.956257250E0,1.990479045E-2,2.559853077E0,9.343658090E-1
8.966281250E0,1.743253693E-2,2.567046642E0,9.381037951E-1
8.976305250E0,2.085949294E-2,2.574507952E0,9.399613142E-1
8.986329250E0,1.979640126E-2,2.582622766E0,9.425646067E-1
8.996353250E0,2.031944506E-2,2.589366913E0,9.447848797E-1
9.006376250E0,2.229133621E-2,2.596086025E0,9.432667494E-1
9.016400250E0,2.382371761E-2,2.604074717E0,9.419761896E-1
9.026424250E0,2.312266082E-2,2.609195709E0,9.435851574E-1
9.036448250E0,2.325661853E-2,2.615804672E0,9.421553612E-1
9.046472250E0,2.245337516E-2,2.623574257E0,9.456197023E-1
9.056495250E0,1.614194922E-2,2.633054972E0,9.482221603E-1
9.066519250E0,1.514663361E-2,2.644180775E0,9.528772831E-1
9.076543250E0,1.145948749E-2,2.652863026E0,9.592300057E-1
9.086567250E0,1.121868659E-2,2.662718534E0,9.640476108E-1
9.096591250E0,1.299954206E-2,2.671119452E0,9.684714079E-1
9.106614250E0,1.470508147E-2,2.679615021E0,9.709300995E-1
9.116638250E0,1.646330021E-2,2.685066462E0,9.724746943E-1
9.126662250E0,2.159141377E-2,2.690467358E0,9.757161736E-1
9.136686250E0,2.483514324E-2,2.697348833E0,9.784432650E-1
9.146710250E0,2.709726244E-2,2.700861216E0,9.774731994E-1
9.156733250E0,2.866266854E-2,2.704958916E0,9.768763781E-1
9.166757250E0,2.371364459E-2,2.709835052E0,9.764493108E-1
9.176781250E0,2.012450248E-2,2.714287996E0,9.790818691E-1
9.186805250E0,1.573788002E-2,2.722471714E0,9.792541265E-1
9.196829250E0,1.110477839E-2,2.727000713E0,9.811934233E-1
9.206852250E0,1.061055996E-2,2.733241320E0,9.802063107E-1
9.216876250E0,8.936231025E-3,2.734338284E0,9.825112224E-1
9.226900250E0,8.339457214E-3,2.735706568E0,9.830600023E-1
9.236924250E0,1.291689835E-2,2.731289148E0,9.845247269E-1
9.246948250E0,1.538927201E-2,2.727957010E0,9.846733809E-1
9.256971250E0,1.960771903E-2,2.723005533E0,9.856427908E-1
9.266995250E0,2.434836142E-2,2.720422506E0,9.852183461E-1
9.277019250E0,2.483731695E-2,2.715097427E0,9.847043157E-1
9.287043250E0,2.242571115E-2,2.710632086E0,9.833986163E-1
9.297067250E0,1.897239126E-2,2.708789349E0,9.834308624E-1
9.307091250E0,1.425973047E-2,2.710919380E0,9.803663492E-1
9.317114250E0,1.689599454E-2,2.712368250E0,9.875321388E-1
9.327138250E0,1.152192988E-2,2.711459637E0,9.844021201E-1
9.337162250E0,1.229531225E-2,2.712805033E0,9.854679108E-1
9.347186250E0,1.424071845E-2,2.711400270E0,9.848866463E-1
9.357210250E0,1.453366689E-2,2.711524725E0,9.856275916E-1
9.367233250E0,1.465725712E-2,2.713597536E0,9.862212539E-1
9.377257250E0,1.617872156E-2,2.715147972E0,9.867991209E-1
9.387281250E0,1.787271909E-2,2.721757889E0,9.907262921E-1
9.397305250E0,1.849350147E-2,2.727732897E0,9.890583158E-1
9.407329250E0,2.259134687E-2,2.735039949E0,9.927777052E-1
9.417352250E0,1.816117764E-2,2.741343021E0,9.923877716E-1
9.427376250E0,1.687772200E-2,2.749384403E0,9.951062202E-1
9.437400250E0,1.499939337E-2,2.758305788E0,9.939503670E-1
9.447424250E0,2.125337534E-2,2.764705896E0,9.981681705E-1
9.457448250E0,2.705933154E-2,2.766825199E0,9.993836284E-1
9.467471250E0,3.126047924E-2,2.767835855E0,9.982923865E-1
9.477495250E0,3.406186029E-2,2.763124228E0,1.000529647E0
9.487519250E0,3.387929872E-2,2.760474682E0,1.002512693E0
9.497543250E0,3.706736863E-2,2.759032726E0,1.004785180E0
9.507567250E0,3.520095721E-2,2.758343697E0,1.004576087E0
9.517590250E0,3.154816478E-2,2.757937431E0,1.003895164E0
9.527614250E0,2.725061029E-2,2.762191057E0,1.010448098E0
9.537638250E0,2.001373656E-2,2.766531229E0,1.011831403E0
9.547662250E0,1.207175106E-2,2.772912502E0,1.011319160E0
9.557686250E0,9.305791929E-3,2.776942730E0,1.010420918E0
9.567709250E0,7.529420778E-3,2.781393766E0,1.005121112E0
9.577733250E0,1.116383635E-2,2.784120798E0,9.980577826E-1
9.587757250E0,1.077588648E-2,2.781440496E0,9.929786325E-1
9.597781250E0,1.712193340E-2,2.781744480E0,9.888906479E-1
9.607805250E0,1.889220439E-2,2.775923729E0,9.839713573E-1
9.617828250E0,2.302383259E-2,2.768843412E0,9.847381115E-1
9.627852250E0,2.930761315E-2,2.762644053E0,9.900178909E-1
9.637876250E0,2.953877673E-2,2.754668951E0,9.903614521E-1
9.647900250E0,2.674803324E-2,2.747692347E0,9.942842126E-1
9.657924250E0,1.888638176E-2,2.743317604E0,1.000270963E0
9.667947250E0,1.690378599E-2,2.742709637E0,1.006334424E0
9.677971250E0,1.494023856E-2,2.741623640E0,1.009822130E0
9.687995250E0,1.492244657E-2,2.739507437E0,1.014921784E0
9.698019250E0,1.056924369E-2,2.739465237E0,1.013268232E0
9.708043250E0,5.969075020E-3,2.739578724E0,9.997758269E-1
9.718067250E0,9.556085803E-3,2.737251997E0,9.928063154E-1
9.728090250E0,1.904438436E-2,2.730615377E0,9.902427197E-1
9.738114250E0,2.772762254E-2,2.729445219E0,9.778164029E-1
9.748138250E0,2.845160477E-2,2.729686260E0,9.689867496E-1
9.758162250E0,2.392609604E-2,2.728038549E0,9.689415097E-1
9.768186250E0,1.798543520E-2,2.725746870E0,9.665200710E-1
9.778209250E0,1.608820073E-2,2.721503019E0,9.667493701E-1
9.788233250E0,1.443714835E-2,2.717180252E0,9.696480036E-1
9.798257250E0,1.476018969E-2,2.707285643E0,9.710162878E-1
9.808281250E0,6.697109435E-3,2.697577238E0,9.701100588E-1
9.818305250E0,8.010313846E-3,2.684265375E0,9.705486894E-1
9.828327750E0,9.505300783E-3,2.673191786E0,9.746302366E-1
9.838351750E0,1.576159894E-2,2.659918070E0,9.725044966E-1
9.848375750E0,1.993597299E-2,2.651331186E0,9.722682238E-1
9.858399750E0,2.082972974E-2,2.641187906E0,9.690710902E-1
9.868423750E0,1.769980602E-2,2.635189056E0,9.661489129E-1
9.878446750E0,2.013180405E-2,2.624569654E0,9.641235471E-1
9.888470750E0,2.183339931E-2,2.622634649E0,9.605938792E-1
9.898494750E0,1.857875101E-2,2.619735479E0,9.561160207E-1
9.908518750E0,1.284123771E-2,2.618139267E0,9.530683160E-1
9.918542750E0,9.168472141E-3,2.617094755E0,9.513111711E-1
9.928565750E0,1.035436429E-2,2.617118120E0,9.504502416E-1
9.938589750E0,1.505431067E-2,2.616943359E0,9.485793710E-1
9.948613750E0,1.822415553E-2,2.613615751E0,9.463741183E-1
9.958637750E0,1.867209934E-2,2.610638618E0,9.412142634E-1
9.968661750E0,1.916405372E-2,2.605780602E0,9.383465648E-1
9.978685750E0,2.169645391E-2,2.602825165E0,9.392187595E-1
9.988708750E0,2.570440061E-2,2.601354837E0,9.404937625E-1
9.998732750E0,2.269209921E-2,2.599606514E0,9.385699034E-1
1.000875675E1,9.873830713E-3,2.600415468E0,9.433029294E-1
1.001878075E1,2.291545272E-3,2.600892782E0,9.475003481E-1
1.002880475E1,6.297523156E-3,2.603637457E0,9.512865543E-1
1.003882775E1,1.498795021E-2,2.601388931E0,9.531885982E-1
1.004885175E1,1.699402928E-2,2.596785545E0,9.480899572E-1
1.005887575E1,1.991631463E-2,2.591508150E0,9.456872940E-1
1.006889975E1,2.831156366E-2,2.583348989E0,9.433583021E-1
1.007892375E1,3.330312669E-2,2.575932741E0,9.391661882E-1
1.008894675E1,3.267373517E-2,2.573435307E0,9.319502711E-1
1.009897075E1,2.773463540E-2,2.568841457E0,9.280926585E-1
1.010899475E1,2.206945792E-2,2.563557148E0,9.225725532E-1
1.011901875E1,1.611436345E-2,2.559412718E0,9.214929342E-1
1.012904275E1,1.208554488E-2,2.555724144E0,9.164713025E-1
1.013906575E1,7.340591401E-3,2.548246145E0,9.109111428E-1
1.014908975E1,8.552074432E-3,2.542506933E0,9.114941359E-1
1.015911375E1,7.710249629E-3,2.532349586E0,9.121159911E-1
1.016913775E1,1.295275427E-2,2.522289991E0,9.113851786E-1
1.017916175E1,1.906071417E-2,2.512932539E0,9.106922746E-1
1.018918475E1,2.355459146E-2,2.508225203E0,9.142236710E-1
1.019920875E1,2.485954016E-2,2.500994921E0,9.187452197E-1
1.020923275E1,1.903200708E-2,2.499506474E0,9.192404151E-1
1.021925675E1,1.505697332E-2,2.498395920E0,9.206004739E-1
1.022928075E1,1.309615374E-2,2.496152639E0,9.198936224E-1
1.023930475E1,1.233315747E-2,2.497723103E0,9.126785994E-1
1.024932775E1,9.986482561E-3,2.495074272E0,9.058461189E-1
1.025935175E1,7.708681282E-3,2.491499662E0,9.006710649E-1
1.026937575E1,9.194531478E-3,2.485860348E0,8.930673003E-1
1.027939975E1,1.059109252E-2,2.482063770E0,8.821291924E-1
1.028942375E1,1.861723885E-2,2.474642277E0,8.782179952E-1
1.029944675E1,1.880871877E-2,2.468061686E0,8.763905168E-1
1.030947075E1,2.436013892E-2,2.462029457E0,8.773345351E-1
1.031949475E1,2.510582283E-2,2.452614069E0,8.756027222E-1
1.032951875E1,2.308501676E-2,2.447107077E0,8.792187572E-1
1.033954275E1,2.137952857E-2,2.440112591E0,8.825394511E-1
1.034956575E1,1.634461619E-2,2.433130980E0,8.839483261E-1
1.035958975E1,1.118207816E-2,2.428462982E0,8.884013891E-1
1.036961375E1,9.545915760E-3,2.423366547E0,8.885483146E-1
1.037963775E1,1.955107553E-3,2.420078754E0,8.822334409E-1
1.038966175E1,-2.878290834E-4,2.416514874E0,8.859679103E-1
1.039968475E1,1.908479840E-3,2.412302494E0,8.810272217E-1
1.040970875E1,1.317847334E-2,2.402988911E0,8.683193922E-1
1.041973275E1,1.395798009E-2,2.392899036E0,8.572970629E-1
1.042975675E1,1.871133782E-2,2.380070686E0,8.568720222E-1
1.043978075E1,2.565100230E-2,2.368814945E0,8.499363661E-1
1.044980375E1,3.179017082E-2,2.354032278E0,8.391428590E-1
1.045982775E1,3.909868374E-2,2.339086771E0,8.367223144E-1
1.046985175E1,3.424668312E-2,2.327752352E0,8.363026977E-1
1.047987575E1,2.598848753E-2,2.317585945E0,8.288769722E-1
1.048989975E1,1.577842794E-2,2.310999155E0,8.318377137E-1
1.049992375E1,1.227530558E-2,2.306305647E0,8.383776546E-1
1.050994675E1,1.035416313E-2,2.301028967E0,8.383074403E-1
1.051997075E1,1.020129770E-2,2.297253847E0,8.386943936E-1
1.052999475E1,4.658736754E-3,2.288885593E0,8.406489491E-1
1.054001875E1,1.354553038E-3,2.281184196E0,8.423932791E-1
1.055004275E1,2.595927799E-3,2.273853064E0,8.336846232E-1
1.056006575E1,9.794718586E-3,2.266553402E0,8.274003267E-1
1.057008975E1,2.118175291E-2,2.258720398E0,8.236978054E-1
1.058011375E1,2.281427011E-2,2.254369736E0,8.144222498E-1
1.059013775E1,2.210102044E-2,2.249249935E0,8.103786111E-1
1.060016175E1,2.282673120E-2,2.245791197E0,8.105967045E-1
1.061018475E1,2.457934618E-2,2.244740725E0,8.091484904E-1
1.062020875E1,2.227944136E-2,2.243705750E0,8.078722954E-1
1.063023275E1,1.974790357E-2,2.244502068E0,8.149403930E-1
1.064025675E1,1.252594218E-2,2.248379946E0,8.210462332E-1
1.065028075E1,3.395789769E-3,2.256718874E0,8.236499429E-1
1.066030375E1,1.756348065E-3,2.261428595E0,8.241817951E-1
1.067032775E1,-2.273153979E-3,2.266580582E0,8.246383071E-1
1.068035175E1,2.605224494E-3,2.270610332E0,8.190467358E-1
1.069037575E1,2.314254409E-3,2.272195816E0,8.139941096E-1
1.070039975E1,7.705291267E-3,2.273519993E0,8.125317693E-1
1.071042375E1,8.111233823E-3,2.270104408E0,8.099475503E-1
1.072044675E1,1.219572406E-2,2.270582438E0,8.073861003E-1
1.073047075E1,1.858050190E-2,2.268353939E0,8.116227388E-1
1.074049475E1,1.961727068E-2,2.265660048E0,8.150268197E-1
1.075051875E1,1.740077510E-2,2.265028477E0,8.216862679E-1
1.076054275E1,1.252985280E-2,2.263949156E0,8.296235204E-1
1.077056575E1,1.070046704E-2,2.267567158E0,8.341482282E-1
1.078058975E1,1.221207716E-2,2.270924330E0,8.366729021E-1
1.079061375E1,1.281160675E-2,2.272249460E0,8.372473121E-1
1.080063775E1,1.266087219E-2,2.274917364E0,8.346248865E-1
1.081066175E1,1.206417847E-2,2.277651310E0,8.286910057E-1
1.082068475E1,1.718889922E-2,2.280494452E0,8.260041475E-1
1.083070900E1,2.133814804E-2,2.282337666E0,8.253120184E-1
1.084073300E1,2.694143727E-2,2.285853386E0,8.245850205E-1
1.085075700E1,2.467377484E-2,2.291445971E0,8.263677955E-1
1.086078100E1,1.764303073E-2,2.297442913E0,8.321233988E-1
1.087080400E1,1.529564057E-2,2.305173874E0,8.374836445E-1
1.088082800E1,1.423357241E-2,2.310792446E0,8.420382142E-1
1.089085200E1,1.508392766E-2,2.316784620E0,8.465714455E-1
1.090087600E1,9.722451679E-3,2.323987961E0,8.512828946E-1
1.091090000E1,7.336823735E-3,2.332482815E0,8.511332870E-1
1.092092300E1,5.999916699E-3,2.337542057E0,8.508786559E-1
1.093094700E1,1.027466636E-2,2.341027498E0,8.491824865E-1
1.094097100E1,1.773338206E-2,2.346130133E0,8.481635451E-1
1.095099500E1,2.268916927E-2,2.347870350E0,8.462426066E-1
1.096101900E1,2.264096588E-2,2.352925301E0,8.480905890E-1
1.097104300E1,2.192406170E-2,2.358671665E0,8.511239886E-1
1.098106600E1,2.123856358E-2,2.363577127E0,8.545219302E-1
1.099109000E1,2.125882730E-2,2.367888212E0,8.597370982E-1
1.100111400E1,1.692053862E-2,2.372651815E0,8.637800217E-1
1.101113800E1,1.526278909E-2,2.378332376E0,8.683144450E-1
1.102116200E1,1.180360839E-2,2.381711483E0,8.700734973E-1
1.103118500E1,1.038702205E-2,2.389551878E0,8.748906255E-1
1.104120900E1,1.093217172E-2,2.394178629E0,8.724586368E-1
1.105123300E1,1.260133833E-2,2.399089575E0,8.744894266E-1
1.106125700E1,1.558168139E-2,2.406497717E0,8.744819760E-1
1.107128100E1,1.683047228E-2,2.413277149E0,8.758119345E-1
1.108130400E1,2.079325542E-2,2.420159817E0,8.764851689E-1
1.109132800E1,2.291487157E-2,2.428342104E0,8.793739080E-1
1.110135200E1,2.526963688E-2,2.435322285E0,8.843944669E-1
1.111137600E1,2.637585066E-2,2.445028543E0,8.881188035E-1
1.112140000E1,2.257392369E-2,2.453960896E0,8.935157061E-1
1.113142300E1,2.234914340E-2,2.464045763E0,9.017520547E-1
1.114144700E1,1.843935624E-2,2.473542929E0,9.060980678E-1
1.115147100E1,1.793243736E-2,2.485278130E0,9.121128917E-1
1.116149500E1,1.659526490E-2,2.495807171E0,9.151400924E-1
1.117151900E1,1.712563820E-2,2.505924225E0,9.191292524E-1
1.118154300E1,1.850888506E-2,2.518929720E0,9.234361053E-1
1.119156600E1,2.123735659E-2,2.528875828E0,9.211581349E-1
1.120159000E1,2.414339781E-2,2.541112661E0,9.203906059E-1
1.121161400E1,2.522360347E-2,2.552872181E0,9.228651524E-1
1.122163800E1,2.553332970E-2,2.565419436E0,9.239349365E-1
1.123166200E1,2.351865917E-2,2.575594425E0,9.243139029E-1
1.124168500E1,1.837289892E-2,2.585762262E0,9.282966852E-1
1.125170900E1,1.366204582E-2,2.598958492E0,9.339129329E-1
1.126173300E1,8.980474435E-3,2.611477613E0,9.403343797E-1
1.127175700E1,5.918729585E-3,2.622546434E0,9.481807947E-1
1.128178100E1,6.437779870E-3,2.633288860E0,9.549353719E-1
1.129180400E1,5.924486555E-3,2.643381119E0,9.608386755E-1
1.130182800E1,6.185476203E-3,2.654914618E0,9.649899602E-1
1.131185200E1,7.239300292E-3,2.669619322E0,9.725818038E-1
1.132187600E1,1.047450770E-2,2.683715582E0,9.799787402E-1
1.133190000E1,1.388569456E-2,2.701034546E0,9.844540954E-1
1.134192400E1,1.579225250E-2,2.718234062E0,9.885936975E-1
1.135194700E1,2.059793659E-2,2.731679440E0,9.907266498E-1
1.136197100E1,2.642546408E-2,2.742151022E0,9.929804802E-1
1.137199500E1,3.151452541E-2,2.752920389E0,9.947478771E-1
1.138201900E1,3.398487344E-2,2.761491537E0,9.965044856E-1
1.139204300E1,3.397808596E-2,2.771393538E0,9.995032549E-1
1.140206600E1,3.173357621E-2,2.783053637E0,1.005050898E0
1.141209000E1,2.551585622E-2,2.795826912E0,1.010550857E0
1.142211400E1,1.943772286E-2,2.809247255E0,1.015334129E0
1.143213800E1,9.447982535E-3,2.822776556E0,1.023932219E0
1.144216200E1,6.146728527E-3,2.836982250E0,1.031542540E0
1.145218500E1,3.891039640E-3,2.850793362E0,1.034073830E0
1.146220900E1,8.510026149E-3,2.859123945E0,1.039090157E0
1.147223300E1,1.942072250E-2,2.863247156E0,1.043120027E0
1.148225700E1,3.086006455E-2,2.865684509E0,1.043568254E0
1.149228100E1,3.811718524E-2,2.865753889E0,1.039311767E0
1.150230400E1,4.288397729E-2,2.867311001E0,1.040183187E0
1.151232800E1,4.326571524E-2,2.869848728E0,1.041519642E0
1.152235200E1,3.744670749E-2,2.872976065E0,1.038537502E0
1.153237600E1,2.929698862E-2,2.881219864E0,1.039306760E0
1.154240000E1,1.695989631E-2,2.894088030E0,1.040773392E0
1.155242400E1,5.194616038E-3,2.904848337E0,1.041381836E0
1.156244700E1,-2.394860378E-3,2.917656183E0,1.049709797E0
1.157247100E1,-9.623364545E-3,2.930281639E0,1.053889394E0
1.158249500E1,-1.032510772E-2,2.941069603E0,1.059223771E0
1.159251900E1,-1.255379408E-3,2.942595959E0,1.065476894E0
1.160254300E1,7.177520078E-3,2.941543102E0,1.070713997E0
1.161256600E1,1.966269314E-2,2.939337015E0,1.072851658E0
1.162259000E1,2.793260664E-2,2.935194492E0,1.073544383E0
1.163261400E1,3.672114387E-2,2.934345484E0,1.076821804E0
1.164263800E1,3.836537898E-2,2.939505577E0,1.073034286E0
1.165266200E1,3.593905643E-2,2.948130846E0,1.070084095E0
1.166268500E1,3.076294065E-2,2.958244085E0,1.069390655E0
1.167270900E1,1.703081094E-2,2.974424362E0,1.072107315E0
1.168273300E1,4.940591287E-3,2.993513107E0,1.073441505E0
1.169275700E1,-5.330548156E-4,3.010594130E0,1.081787229E0
1.170278100E1,6.816737354E-3,3.024253130E0,1.088342309E0
1.171280400E1,1.073503681E-2,3.029134035E0,1.094029427E0
1.172282800E1,1.915595308E-2,3.029346466E0,1.103532195E0
1.173285200E1,2.131214179E-2,3.028041363E0,1.111473680E0
1.174287600E1,2.239152044E-2,3.025203228E0,1.109775662E0
1.175290000E1,2.952572703E-2,3.028645754E0,1.113844991E0
1.176292400E1,3.708404303E-2,3.036985159E0,1.115484476E0
1.177294700E1,3.618483990E-2,3.050189972E0,1.109184623E0
1.178297100E1,3.045904450E-2,3.063449860E0,1.109532952E0
1.179299500E1,2.237628959E-2,3.079528093E0,1.113206267E0
1.180301900E1,1.642705500E-2,3.096300125E0,1.118504643E0
1.181304300E1,1.834729873E-2,3.113436460E0,1.124381423E0
1.182306600E1,1.980138384E-2,3.123734951E0,1.130955219E0
1.183308967E1,2.277562581E-2,3.134594679E0,1.134063721E0
1.184311367E1,1.853001490E-2,3.141736746E0,1.138966918E0
1.185313767E1,1.834186725E-2,3.145949602E0,1.143163800E0
1.186316167E1,2.322903462E-2,3.150031328E0,1.143521190E0
1.187318467E1,3.426134214E-2,3.151716232E0,1.145794392E0
1.188320867E1,3.913839161E-2,3.153464079E0,1.144438505E0
1.189323267E1,3.506952524E-2,3.158740520E0,1.147391438E0
1.190325667E1,2.807260305E-2,3.162908554E0,1.150963783E0
1.191328067E1,2.464119345E-2,3.167549372E0,1.151875615E0
1.192330467E1,2.256233059E-2,3.175476551E0,1.156585693E0
1.193332767E1,1.769204251E-2,3.184758663E0,1.162733674E0
1.194335167E1,1.583715156E-2,3.193524361E0,1.164153576E0
1.195337567E1,7.438953966E-3,3.198446512E0,1.158669591E0
1.196339967E1,1.080732048E-2,3.200357437E0,1.153433561E0
1.197342367E1,1.784768887E-2,3.194771528E0,1.145914197E0
1.198344667E1,2.833388560E-2,3.187916279E0,1.137776136E0
1.199347067E1,3.341706097E-2,3.175654650E0,1.129118443E0
1.200349467E1,3.906375915E-2,3.162674665E0,1.126543641E0
1.201351867E1,3.820607439E-2,3.146083355E0,1.123536229E0
1.202354267E1,3.537034243E-2,3.130574465E0,1.122617126E0
1.203356567E1,3.095885366E-2,3.118565321E0,1.126649499E0
1.204358967E1,2.385700308E-2,3.103389025E0,1.129124165E0
1.205361367E1,1.271423232E-2,3.095618725E0,1.135850906E0
1.206363767E1,4.033125937E-3,3.088338614E0,1.136683345E0
1.207366167E1,-2.497187350E-3,3.084805250E0,1.140199661E0
1.208368467E1,-3.547005588E-3,3.075447083E0,1.132867455E0
1.209370867E1,1.345672295E-3,3.064678431E0,1.121367693E0
1.210373267E1,1.703169197E-2,3.054691315E0,1.116665840E0
1.211375667E1,2.805165015E-2,3.037302256E0,1.098951817E0
1.212378067E1,3.902227432E-2,3.025422573E0,1.087784648E0
1.213380467E1,4.353611916E-2,3.015972853E0,1.083114982E0
1.214382767E1,4.375849292E-2,3.006674290E0,1.080240369E0
1.215385167E1,3.774851561E-2,3.002210140E0,1.081061482E0
1.216387567E1,2.305319160E-2,2.998469114E0,1.082172275E0
1.217389967E1,8.970323019E-3,2.994522095E0,1.086218119E0
1.218392367E1,8.255777648E-4,2.991053343E0,1.086735010E0
1.219394667E1,-2.083778381E-3,2.983996153E0,1.090052366E0
1.220397067E1,1.146103255E-3,2.974993706E0,1.083985448E0
1.221399467E1,9.604861960E-3,2.962414980E0,1.081397772E0
1.222401867E1,1.711151376E-2,2.952554226E0,1.076330781E0
1.223404267E1,2.402756922E-2,2.943938732E0,1.072884798E0
1.224406567E1,2.993099764E-2,2.935517788E0,1.075136781E0
1.225408967E1,2.668993175E-2,2.935904503E0,1.074871540E0
1.226411367E1,1.952815801E-2,2.941305637E0,1.077710629E0
1.227413767E1,1.597149298E-2,2.939699888E0,1.076094389E0
1.228416167E1,1.311152335E-2,2.941216707E0,1.071141958E0
1.229418567E1,1.198688522E-2,2.938477039E0,1.070102334E0
1.230420867E1,1.990499534E-2,2.932244301E0,1.062008977E0
1.231423267E1,2.791849151E-2,2.926750183E0,1.054016829E0
1.232425667E1,3.379528970E-2,2.919148445E0,1.049494743E0
1.233428067E1,3.494261578E-2,2.906983614E0,1.048015475E0
1.234430467E1,4.004443437E-2,2.902885437E0,1.049423456E0
1.235432767E1,3.090790659E-2,2.900419950E0,1.049358130E0
1.236435167E1,2.297674678E-2,2.900213480E0,1.053250670E0
1.237437567E1,1.503698900E-2,2.898998737E0,1.054696083E0
1.238439967E1,7.441653870E-3,2.898877621E0,1.057020307E0
1.239442367E1,6.772711640E-4,2.894588232E0,1.053808212E0
1.240444667E1,2.562254667E-4,2.890205860E0,1.053124547E0
1.241447067E1,4.607355688E-3,2.882863283E0,1.045251012E0
1.242449467E1,1.098243054E-2,2.873470068E0,1.038608789E0
1.243451867E1,1.909086108E-2,2.860782862E0,1.032943487E0
1.244454267E1,2.602360025E-2,2.849913120E0,1.029123664E0
1.245456667E1,2.992077544E-2,2.841576099E0,1.023211360E0
1.246458967E1,3.120974638E-2,2.832415342E0,1.021742940E0
1.247461367E1,3.099956363E-2,2.826287031E0,1.022630692E0
1.248463767E1,2.203323320E-2,2.822673559E0,1.020390153E0
1.249466167E1,1.071532164E-2,2.822983980E0,1.019414067E0
1.250468567E1,2.326098038E-3,2.823995829E0,1.022529721E0
1.251470867E1,-8.544612676E-3,2.824326038E0,1.019479632E0
1.252473267E1,-7.120887749E-3,2.820001841E0,1.022303104E0
1.253475667E1,4.058251157E-2,2.797939539E0,1.004271388E0
1.254478067E1,3.530040011E-2,2.777839661E0,9.863393307E-1
1.255480467E1,2.092632838E-2,2.731431723E0,9.809404612E-1
1.256482767E1,3.574948385E-2,2.713008642E0,9.880811572E-1
1.257485167E1,3.763823584E-2,2.687600136E0,9.764290452E-1
1.258487567E1,4.999983311E-2,2.677256107E0,9.663023949E-1
1.259489967E1,4.052544013E-2,2.667806149E0,9.643554688E-1
1.260492367E1,2.242793143E-2,2.659120083E0,9.669381976E-1
1.261494767E1,-3.184016561E-3,2.654526472E0,9.589632750E-1
1.262497067E1,-8.034431376E-3,2.644970179E0,9.576932192E-1
1.263499467E1,-4.455809947E-3,2.635426760E0,9.514889121E-1
1.264501867E1,5.020250101E-3,2.619774580E0,9.416634440E-1
1.265504267E1,3.840735648E-3,2.599225760E0,9.339426756E-1
1.266506667E1,4.834894091E-3,2.575817585E0,9.331892729E-1
1.267508967E1,1.151998248E-2,2.548604250E0,9.232555032E-1
1.268511367E1,2.467440069E-2,2.524890661E0,9.160569310E-1
1.269513767E1,3.699416667E-2,2.502542496E0,9.094920754E-1
1.270516167E1,3.961445019E-2,2.484785795E0,9.036762714E-1
1.271518567E1,3.368657082E-2,2.470518112E0,8.950107694E-1
1.272520867E1,2.358440496E-2,2.459226608E0,8.928757310E-1
1.273523267E1,1.822220534E-2,2.449189425E0,8.888323903E-1
1.274525667E1,1.563361287E-2,2.441050529E0,8.829758167E-1
1.275528067E1,1.541595720E-2,2.434707165E0,8.784970641E-1
1.276530467E1,1.108006481E-2,2.426283121E0,8.725664616E-1
1.277532867E1,1.375401509E-3,2.414664030E0,8.680887818E-1
1.278535167E1,-4.028152209E-3,2.402831793E0,8.630104065E-1
1.279537567E1,5.517965183E-4,2.387271643E0,8.575087190E-1
1.280539967E1,1.317358203E-2,2.369549751E0,8.524806499E-1
1.281542367E1,1.996257156E-2,2.351797819E0,8.479443192E-1
1.282544767E1,2.279457822E-2,2.332963943E0,8.430369496E-1
1.283547112E1,2.179579996E-2,2.314731359E0,8.403891921E-1
1.284549513E1,2.332365513E-2,2.296125412E0,8.367782235E-1
1.285551913E1,2.596453205E-2,2.283174992E0,8.322969079E-1
1.286554313E1,2.434799261E-2,2.271074533E0,8.291184306E-1
1.287556713E1,2.182688750E-2,2.260746241E0,8.268460631E-1
1.288559112E1,1.604063809E-2,2.251132011E0,8.223528266E-1
1.289561413E1,8.676105179E-3,2.243615627E0,8.195878267E-1
1.290563813E1,5.608675536E-3,2.234690905E0,8.140058517E-1
1.291566213E1,4.981626291E-3,2.223592758E0,8.074323535E-1
1.292568612E1,8.526027203E-3,2.216275692E0,8.015696406E-1
1.293571013E1,1.032989472E-2,2.206489086E0,7.920218110E-1
1.294573313E1,1.148597337E-2,2.194971085E0,7.839817405E-1
1.295575713E1,1.509360410E-2,2.181582928E0,7.792938948E-1
1.296578112E1,1.931631193E-2,2.168709278E0,7.726637125E-1
1.297580513E1,2.335901372E-2,2.155687809E0,7.708259821E-1
1.298582913E1,2.237550728E-2,2.139862537E0,7.700001597E-1
1.299585213E1,1.928192750E-2,2.127725363E0,7.696208358E-1
1.300587613E1,1.511008758E-2,2.113057137E0,7.688964605E-1
1.301590012E1,1.080016606E-2,2.102746010E0,7.685548663E-1
1.302592413E1,1.159352157E-2,2.091222763E0,7.652487755E-1
1.303594813E1,9.919053875E-3,2.081246138E0,7.608957887E-1
1.304597213E1,9.305994026E-3,2.069360256E0,7.557399273E-1
1.305599512E1,5.955876317E-3,2.060414553E0,7.500575781E-1
1.306601913E1,7.494384423E-3,2.048750162E0,7.414183021E-1
1.307604313E1,1.272443775E-2,2.037890434E0,7.350519896E-1
1.308606713E1,1.703875884E-2,2.024648666E0,7.284550667E-1
1.309609113E1,1.925410517E-2,2.012384892E0,7.223540545E-1
1.310611412E1,1.974039711E-2,2.001964331E0,7.151054740E-1
1.311613813E1,1.686925814E-2,1.989074588E0,7.134786248E-1
1.312616213E1,1.659468748E-2,1.978199244E0,7.108415365E-1
1.313618613E1,1.525105536E-2,1.976993799E0,7.373396158E-1
1.314621012E1,-4.727570340E-2,2.008067369E0,7.471312284E-1
1.315623313E1,-4.114438780E-3,2.001987219E0,7.381113172E-1
1.316625713E1,-1.648136042E-2,2.032795668E0,7.868056297E-1
1.317628113E1,1.089967135E-2,2.027913570E0,7.623373866E-1
1.318630513E1,4.841779359E-3,2.024905920E0,7.567111850E-1
1.319632912E1,1.927061565E-2,2.031910419E0,7.426393628E-1
1.320635313E1,3.533906117E-2,2.039561987E0,7.478783131E-1
1.321637613E1,6.422466040E-2,2.058137655E0,7.379502058E-1
1.322640013E1,6.059451029E-2,2.078407764E0,7.571790218E-1
1.323642412E1,3.965993226E-2,2.113061666E0,7.681661248E-1
1.324644813E1,1.805397496E-2,2.137737751E0,7.936068177E-1
1.325647213E1,7.529973984E-3,2.173177004E0,8.076220751E-1
1.326649513E1,-1.898947754E-3,2.205195904E0,8.221823573E-1
1.327651913E1,-8.661317639E-3,2.242851734E0,8.317500949E-1
1.328654312E1,-9.468520992E-3,2.273530722E0,8.351083398E-1
1.329656713E1,1.530043082E-4,2.303728342E0,8.341560960E-1
1.330659113E1,1.669549569E-2,2.331588745E0,8.317056894E-1
1.331661513E1,3.056284226E-2,2.357176542E0,8.309459090E-1
1.332663812E1,4.757990688E-2,2.381635904E0,8.353931308E-1
1.333666213E1,4.973805323E-2,2.404578447E0,8.504636884E-1
1.334668613E1,4.163857922E-2,2.429137230E0,8.654314876E-1
1.335671013E1,2.769232541E-2,2.453824997E0,8.842622638E-1
1.336673413E1,1.717896387E-2,2.479171276E0,9.050312042E-1
1.337675713E1,3.980306908E-3,2.500975609E0,9.221449494E-1
1.338678113E1,-1.399811008E-3,2.525622129E0,9.317435026E-1
1.339680513E1,-4.769027233E-3,2.543602467E0,9.352085590E-1
1.340682913E1,6.469246000E-3,2.560614586E0,9.396632314E-1
1.341685312E1,1.804997027E-2,2.574286222E0,9.391370416E-1
1.342687613E1,3.412720934E-2,2.588900805E0,9.339526892E-1
1.343690013E1,4.266552255E-2,2.601154327E0,9.300407767E-1
1.344692413E1,4.589380696E-2,2.616556883E0,9.345732331E-1
1.345694813E1,4.263785854E-2,2.634105921E0,9.386972785E-1
1.346697212E1,3.282278031E-2,2.648007631E0,9.468369484E-1
1.347699613E1,2.322833426E-2,2.664159775E0,9.554275274E-1
1.348701913E1,1.124810427E-2,2.679974079E0,9.639871716E-1
1.349704313E1,1.387421973E-3,2.693308115E0,9.754418135E-1
1.350706712E1,-1.820621896E-3,2.704446793E0,9.828107953E-1
1.351709113E1,2.495749155E-3,2.716530561E0,9.884309173E-1
1.352711513E1,7.534716278E-3,2.724704981E0,9.910250902E-1
1.353713813E1,1.395204198E-2,2.734955072E0,9.918788075E-1
1.354716212E1,1.911963895E-2,2.744868755E0,9.946306944E-1
1.355718613E1,1.918043941E-2,2.756019592E0,9.942605495E-1
1.356721013E1,2.080310322E-2,2.770870686E0,9.956485629E-1
1.357723413E1,1.876844838E-2,2.784473419E0,9.967748523E-1
1.358725813E1,1.529089268E-2,2.796683788E0,9.970837235E-1
1.359728112E1,1.122747455E-2,2.806578398E0,1.001291394E0
1.360730513E1,1.083785482E-2,2.814646959E0,1.004264355E0
1.361732913E1,1.484694332E-2,2.821146965E0,1.009985089E0
1.362735313E1,1.743047684E-2,2.825362921E0,1.015162349E0
1.363737713E1,1.948303171E-2,2.830598354E0,1.022377729E0
1.364740013E1,1.980740577E-2,2.833152771E0,1.029029012E0
1.365742413E1,1.992596872E-2,2.838464260E0,1.034988046E0
1.366744813E1,1.938294992E-2,2.846534014E0,1.040243030E0
1.367747213E1,1.832540892E-2,2.853040457E0,1.041928768E0
1.368749612E1,1.413678844E-2,2.863535404E0,1.045494795E0
1.369752013E1,1.334373839E-2,2.868846416E0,1.046920300E0
1.370754313E1,1.618932560E-2,2.877872705E0,1.044644594E0
1.371756713E1,1.766749285E-2,2.883434057E0,1.044329166E0
1.372759112E1,2.446734160E-2,2.891006470E0,1.046264529E0
1.373761513E1,2.834666893E-2,2.893320084E0,1.045784950E0
1.374763913E1,3.222183138E-2,2.899414301E0,1.049627542E0
1.375766213E1,3.296305239E-2,2.906012535E0,1.055948377E0
1.376768613E1,3.351725638E-2,2.913685560E0,1.064278483E0
1.377771012E1,3.837346286E-2,2.926991701E0,1.072587848E0
1.378773413E1,3.976922482E-2,2.936941862E0,1.076762080E0
1.379775813E1,3.947911412E-2,2.949869394E0,1.083889365E0
1.380778113E1,3.797416016E-2,2.961936712E0,1.089223623E0
1.381780512E1,3.358291462E-2,2.972171068E0,1.084299088E0
1.382782904E1,2.443389036E-2,2.983008385E0,1.075946093E0
1.383785304E1,2.297125757E-2,2.991466045E0,1.074361920E0
1.384787704E1,2.184820175E-2,2.995652199E0,1.071582913E0
1.385790104E1,2.923510037E-2,3.002527475E0,1.067453742E0
1.386792404E1,3.596277535E-2,3.005399704E0,1.073734760E0
1.387794804E1,3.160693869E-2,3.009607315E0,1.078866243E0
1.388797204E1,3.071051463E-2,3.020453691E0,1.091378808E0
1.389799604E1,2.016537264E-2,3.027779102E0,1.106085658E0
1.390802004E1,2.268445678E-2,3.042671204E0,1.123678207E0
1.391804304E1,2.145840973E-2,3.055547953E0,1.128617525E0
1.392806704E1,2.071219310E-2,3.070312262E0,1.131411672E0
1.393809104E1,1.848761179E-2,3.086626530E0,1.129860640E0
1.394811504E1,1.373013947E-2,3.098011017E0,1.117202282E0
1.395813904E1,1.353996433E-2,3.110697269E0,1.108703017E0
1.396816304E1,1.772352308E-2,3.118882418E0,1.103365421E0
1.397818604E1,2.415320277E-2,3.126716852E0,1.101303220E0
1.398821004E1,2.522246353E-2,3.135543108E0,1.105229735E0
1.399823404E1,2.075212635E-2,3.146124601E0,1.118294954E0
1.400825804E1,1.759708114E-2,3.154695511E0,1.131328702E0
1.401828204E1,1.612203754E-2,3.164830923E0,1.143968582E0
1.402830504E1,1.474704687E-2,3.173854589E0,1.153288841E0
1.403832904E1,1.379377302E-2,3.179296017E0,1.162633657E0
1.404835304E1,1.357459556E-2,3.180815220E0,1.160728693E0
1.405837704E1,1.877647825E-2,3.180658579E0,1.154886365E0
1.406840104E1,1.641904935E-2,3.181746006E0,1.147031903E0
1.407842404E1,2.246956900E-2,3.179994345E0,1.145347714E0
1.408844804E1,3.213098645E-2,3.176332712E0,1.140218377E0
1.409847204E1,4.003510997E-2,3.176055908E0,1.138137937E0
1.410849604E1,3.962577879E-2,3.174132586E0,1.140400767E0
1.411852004E1,2.988974378E-2,3.174248695E0,1.147838473E0
1.412854404E1,2.321053669E-2,3.178187370E0,1.151541591E0
1.413856704E1,1.764375716E-2,3.178042889E0,1.159839392E0
1.414859104E1,1.510789618E-2,3.181185722E0,1.168180108E0
1.415861504E1,1.197151653E-2,3.186070919E0,1.165651083E0
1.416863904E1,7.020434365E-3,3.187793255E0,1.162860274E0
1.417866304E1,8.416098543E-3,3.190664053E0,1.163018465E0
1.418868704E1,1.853504591E-2,3.192716599E0,1.159342527E0
1.419871004E1,3.056885302E-2,3.191288233E0,1.150777578E0
1.420873404E1,3.785073385E-2,3.190962791E0,1.147881150E0
1.421875804E1,3.983473778E-2,3.192644596E0,1.150575042E0
1.422878204E1,3.283701837E-2,3.191104174E0,1.148599625E0
1.423880604E1,3.197009861E-2,3.195172071E0,1.152102113E0
1.424882904E1,2.479527891E-2,3.200782299E0,1.159956336E0
1.425885304E1,1.623365097E-2,3.206058979E0,1.168362260E0
1.426887704E1,1.075419784E-2,3.213419914E0,1.174968481E0
1.427890104E1,2.384155057E-3,3.220827341E0,1.176920891E0
1.428892504E1,5.915813381E-4,3.227987051E0,1.180367827E0
1.429894804E1,6.693190429E-3,3.234012127E0,1.180351019E0
1.430897204E1,1.157689467E-2,3.241474390E0,1.180374026E0
1.431899604E1,1.497807540E-2,3.248851538E0,1.175102830E0
1.432902004E1,2.472364716E-2,3.252058983E0,1.175175309E0
1.433904404E1,3.047313914E-2,3.258584738E0,1.170910478E0
1.434906804E1,3.621571511E-2,3.261354923E0,1.169337869E0
1.435909104E1,3.624602407E-2,3.265927076E0,1.167321563E0
1.436911504E1,3.050105646E-2,3.267157793E0,1.170886278E0
1.437913904E1,2.910848334E-2,3.265713215E0,1.173324347E0
1.438916304E1,3.314184397E-2,3.263416767E0,1.177365184E0
1.439918704E1,2.867406607E-2,3.260424376E0,1.173935056E0
1.440921004E1,2.237835340E-2,3.256217957E0,1.178352237E0
1.441923404E1,1.564941183E-2,3.249310017E0,1.181305647E0
1.442925804E1,1.841004379E-2,3.243498802E0,1.184672117E0
1.443928204E1,1.681900583E-2,3.242926121E0,1.188098073E0
1.444930604E1,8.977593854E-3,3.237684488E0,1.185500383E0
1.445933004E1,8.565722033E-3,3.232602119E0,1.180696011E0
1.446935304E1,1.673390344E-2,3.226955652E0,1.178719640E0
1.447937704E1,2.823513560E-2,3.218997717E0,1.173640132E0
1.448940104E1,3.539584205E-2,3.208692789E0,1.162762403E0
1.449942504E1,3.443730995E-2,3.201731682E0,1.154334188E0
1.450944904E1,3.487620130E-2,3.190428019E0,1.147274852E0
1.451947204E1,3.339395672E-2,3.183191776E0,1.147225618E0
1.452949604E1,3.053718619E-2,3.177872896E0,1.145621777E0
1.453952004E1,2.081407979E-2,3.176053047E0,1.142585874E0
1.454954404E1,1.083361730E-2,3.175205708E0,1.143762469E0
1.455956804E1,3.661549883E-3,3.171091557E0,1.150173664E0
1.456959204E1,2.750216285E-3,3.167047501E0,1.149723887E0
1.457961504E1,6.480719429E-3,3.160604477E0,1.144590974E0
1.458963904E1,1.395408157E-2,3.147592545E0,1.142668962E0
1.459966304E1,2.512747981E-2,3.134285688E0,1.142486334E0
1.460968704E1,3.091932274E-2,3.120957375E0,1.132852077E0
1.461971104E1,3.479743749E-2,3.105335474E0,1.122821927E0
1.462973404E1,3.621796891E-2,3.090517998E0,1.120024323E0
1.463975804E1,3.677593917E-2,3.076650381E0,1.107983589E0
1.464978204E1,3.234444186E-2,3.065352201E0,1.098792195E0
1.465980604E1,2.391324192E-2,3.054331779E0,1.091318965E0
1.466983004E1,1.662550122E-2,3.042736053E0,1.086430430E0
1.467985404E1,1.105301082E-2,3.029345036E0,1.078970551E0
1.468987704E1,7.008201443E-3,3.012368917E0,1.076020837E0
1.469990104E1,1.093416940E-2,2.991919756E0,1.073881507E0
1.470992504E1,1.214963663E-2,2.966144323E0,1.070471287E0
1.471994904E1,1.738720201E-2,2.943907499E0,1.068536520E0
1.472997304E1,2.368318103E-2,2.920257568E0,1.066441178E0
1.473999604E1,2.664122730E-2,2.899474382E0,1.062467694E0
1.475002004E1,2.591365203E-2,2.879959822E0,1.057689190E0
1.476004404E1,2.090239525E-2,2.864612818E0,1.050394058E0
1.477006804E1,1.790021360E-2,2.848768473E0,1.040928364E0
1.478009204E1,1.502148528E-2,2.838547468E0,1.029234767E0
1.479011604E1,1.512614731E-2,2.824931383E0,1.019006371E0
1.480013904E1,1.500709541E-2,2.810463190E0,1.010303974E0
1.481016304E1,1.232236344E-2,2.795146704E0,1.000085354E0
1.482018704E1,1.656430587E-2,2.777565956E0,9.912211895E-1
1.483021117E1,2.055159025E-2,2.757061481E0,9.859904647E-1
1.484023517E1,2.481945977E-2,2.733650923E0,9.812613130E-1
1.485025817E1,2.753002569E-2,2.709886551E0,9.765994549E-1
1.486028217E1,2.664246038E-2,2.691371441E0,9.773727059E-1
1.487030617E1,2.361204848E-2,2.672135115E0,9.744198322E-1
1.488033017E1,1.989486068E-2,2.657620668E0,9.701337814E-1
1.489035417E1,1.508465968E-2,2.644850492E0,9.667118788E-1
1.490037817E1,9.925051592E-3,2.632352114E0,9.622406960E-1
1.491040117E1,9.527441114E-3,2.620564699E0,9.559492469E-1
1.492042517E1,8.060510270E-3,2.607565880E0,9.471002221E-1
1.493044917E1,9.204870090E-3,2.593742132E0,9.382470846E-1
1.494047317E1,1.170770358E-2,2.579330206E0,9.280737638E-1
1.495049717E1,1.516794879E-2,2.565203190E0,9.208504558E-1
1.496052017E1,1.951216534E-2,2.547977924E0,9.138164520E-1
1.497054417E1,2.457376942E-2,2.529724121E0,9.072855711E-1
1.498056817E1,2.708272822E-2,2.512751341E0,9.021405578E-1
1.499059217E1,2.707580291E-2,2.496713161E0,8.995349407E-1
1.500061617E1,2.375213243E-2,2.480186462E0,8.990257382E-1